연번,등급 인정처,호텔업 구분,결정 등급,등급 결정일,지역,호텔명,객실수,주소,전화번호,홈페이지
1,한국관광협회중앙회,관광호텔업,2성,2026-06-01,경기,호텔M타워,86,경기도 김포시 김포한강9로75번길 38,031-984-1723,https://www.instagram.com/mtower_hotel/
2,한국관광협회중앙회,관광호텔업,4성,2026-06-01,강원,휘닉스호텔,130,강원도평창군 봉평면 태기로 174,033-330-6001,https://phoenixhnr.co.kr/
3,한국관광협회중앙회,관광호텔업,5성,2026-06-01,경기,소노캄 고양,826,경기도 고양시 일산동구 태극로 20,031-927-7700,https://www.sonohotelsresorts.com/calm_gy
4,한국관광협회중앙회,관광호텔업,3성,2026-05-26,서울,스탠포드호텔 명동,254,서울특별시 중구 남대문로 84,02-6260-2122,http://www.stanfordmyeongdong.com/
5,한국관광협회중앙회,관광호텔업,3성,2026-05-26,서울,아이비씨호텔,55,서울특별시 종로구 난계로 241,02-2250-3000,http://www.hotelibc.com/
6,한국관광협회중앙회,관광호텔업,4성,2026-05-26,강원,(주)이랜드파크 켄싱턴호텔 설악,108,강원도 속초시 설악산로 998,033-635-4001,https://kensington.co.kr/hsr/branch_info
7,한국관광협회중앙회,관광호텔업,5성,2026-05-20,서울,풀만 앰배서더 서울 이스트폴,150,서울 광진구 아차산로 410,02-3450-6000,https://www.pullmanseouleastpole.com/
8,한국관광협회중앙회,관광호텔업,2성,2026-05-18,서울,호텔 디 아티스트 성신여대점,48,서울특별시 성북구 소문로126,02-921-9901,http://www.theartist.modoo.at
9,한국관광협회중앙회,관광호텔업,2성,2026-05-18,부산,시애틀비호텔,55,부산광역시 연제구 거제천로154번길 42,051-852-7685,http://www.seattlebhotel.com/
10,한국관광협회중앙회,관광호텔업,2성,2026-05-18,대전,테크노밸리 호텔,74,대전광역시 유성구 테크노중앙로 57,042-671-0500,http://www.hoteltechnovalley.com/main/index.asp
11,한국관광협회중앙회,관광호텔업,3성,2026-05-18,서울,나인트리 바이 파르나스 서울 인사동,301,서울특별시 종로구 인사동길 49,02-6917-3099,http://www.ninetreehotels.com/nth3/
12,한국관광협회중앙회,관광호텔업,4성,2026-05-18,경기,호텔스퀘어,201,경기도 안산시 단원구 동산로 81,031-490-2000,http://www.hotelsquare.co.kr/
13,한국관광협회중앙회,관광호텔업,5성,2026-05-18,인천,하얏트리젠시인천파라다이스시티,501,인천광역시 중구 영종해안남로321번길 190,없음,http://www.grandhyattincheon.com
14,한국관광협회중앙회,관광호텔업,2성,2026-05-15,서울,호텔 스카이파크Ⅲ,136,서울특별시 중구 퇴계로 139,02-6900-9311,http://www.skyparkhotel.com
15,한국관광협회중앙회,관광호텔업,3성,2026-05-15,서울,호텔 엠펠리체,118,서울특별시 강서구 마곡동로4길 15,02-2668-3600,http://www.hotelmfelice.com/
16,한국관광협회중앙회,관광호텔업,2성,2026-05-14,서울,주식회사 에스알호텔,61,서울특별시 동작구 동작대로1길 15,02-588-2000,https://www.hotel-sr.com/
17,한국관광협회중앙회,관광호텔업,3성,2026-05-13,부산,게스후,55,부산 수영구 광안해변로 181,051-791-1255,http://www.hotelguesswho.com
18,한국관광협회중앙회,관광호텔업,2성,2026-05-12,광주,(주)엠파이어관광호텔,43,광주광역시 광산구 임방울대로800번길 25,062-962-2000,http://www.empirehotel.co.kr
19,한국관광협회중앙회,관광호텔업,3성,2026-05-12,서울,써미트호텔,190,서울특별시 중구 장충단로 198,02-2285-0540,http://www.summithotelseoul.com
20,한국관광협회중앙회,관광호텔업,4성,2026-05-12,서울,코리아나호텔,285,서울특별시 중구 세종대로 135,02-2171-7000,http://www.koreanahotel.com
21,한국관광협회중앙회,관광호텔업,4성,2026-05-12,부산,(주)코모도호텔,311,부산광역시 중구 중구로 151,051-461-9101,https://www.commodore.co.kr
22,한국관광협회중앙회,관광호텔업,1성,2026-05-11,서울,호텔 디 아티스트 역삼,50,서울특별시강남구테헤란로29길11,02-569-4920,https://theartisthotel.modoo.at
23,한국관광협회중앙회,관광호텔업,1성,2026-05-11,인천,VOW관광호텔,71,인천광역시계양구계양문화로59번길9,032-545-1111,http://www.hotelvow.com
24,한국관광협회중앙회,관광호텔업,3성,2026-05-08,경남,토요코인 창원 ,339,경상남도 창원시 성산구 중앙대로 93,055-282-1045,http://www.toyoko-inn.co.kr/
25,한국관광협회중앙회,한국전통호텔업,5성,2026-05-08,인천,경원재 바이 워커힐,30,인천광역시 연수구 테크노파크로 200,032-729-1101,https://www.gwjbywalkerhill.com/
26,한국관광협회중앙회,관광호텔업,1성,2026-05-07,전남,프린스행복호텔,58,전라남도 강진군 강진읍 보은로 113-1,061-433-7300,http://princehappyhotel.co.kr
27,한국관광협회중앙회,관광호텔업,2성,2026-05-07,서울,가락관광호텔,71,서울특별시 송파구 송파대로28길5,02-400-6641,http://www.hotelkarak.com
28,한국관광협회중앙회,관광호텔업,3성,2026-05-06,서울,신라스테이,309,서울특별시 동작구 시흥대로 596,02-2162-9102,http://www.shillastay.com
29,한국관광협회중앙회,관광호텔업,3성,2026-05-06,경북,씨엠파크호텔 주식회사,62,경상북도 안동시 풍천면 검무로 10-17,054-853-7800,http://www.cmparkhotel.com
30,한국관광협회중앙회,관광호텔업,4성,2026-05-06,전남,여수베네치아호텔앤스위트,343,전남 여수시 오동도로 61-13,061-664-0001,www.yeosuvenezia.com
31,한국관광협회중앙회,관광호텔업,4성,2026-05-06,경북,(주) 호텔금오산,130,경상북도 구미시 금오산로 400,054-450-4000,https://www.hotelgeumosan.com/
32,한국관광협회중앙회,관광호텔업,3성,2026-05-04,서울,강남 스테이 호텔,52,서울특별시 강남구 논현로87길 15-4,02-568-6200,http://www.stayhotel.com
33,한국관광협회중앙회,관광호텔업,3성,2026-05-04,인천,파크마린호텔,88,인천광역시 남동구 소래역로 44,032-425-2700,http://www.parkmarinehotel.co.kr/ko/
34,한국관광협회중앙회,관광호텔업,3성,2026-05-04,전남,호텔써던힐,74,전남 해남군 해남읍 교육청길 38,061-532-0100,http://www.southernheal.com
35,한국관광협회중앙회,관광호텔업,2성,2026-05-03,경남,호텔 라온,34,경상남도 함양군 함양읍 함양로 1148-2,055-962-1234,http://raonhotel.modoo.at/
36,한국관광협회중앙회,관광호텔업,3성,2026-05-03,충북,수안보상록호텔,101,충청북도 충주시 수안보면 주정산로 22,043-880-3730,http://sangnokresort.co.kr
37,한국관광협회중앙회,관광호텔업,4성,2026-05-03,서울,호텔 PJ,272,서울특별시 중구 마른내로 71,02-2280-7000,http://www.hotelpj.co.kr
38,한국관광협회중앙회,관광호텔업,3성,2026-04-27,서울,뉴블랑 센트럴 명동 호텔,182,서울 중구 창경궁로 20,1533-7220,newblanchotel.com
39,한국관광협회중앙회,관광호텔업,1성,2026-04-24,경북,호텔 오푸스,40,경북 경주시 천북면 천강로 166-25,없음,http://hotelopus.kr/
40,한국관광협회중앙회,관광호텔업,2성,2026-04-24,울산,울산시티호텔,90,울산광역시 남구 삼산로 246,052-240-2024,http://ulsancityhotel.co.kr/
41,한국관광협회중앙회,관광호텔업,3성,2026-04-22,서울,트레블로지 동대문 호텔,242,서울특별시 중구 동호로 359,02-2160-8888,http://www.travelodgehotels.asia
42,한국관광협회중앙회,관광호텔업,3성,2026-04-22,경기,베니키아 더에이치 호텔,90,경기도 화성시 남양읍 역골로 3-12,031-350-6200,http://www.thehhotel.co.kr
43,한국관광협회중앙회,관광호텔업,3성,2026-04-22,강원,(주)오키드호텔,85,강원도 원주시 봉화로 26,033-901-3000,http://www.orchidhotel.co.kr
44,한국관광협회중앙회,관광호텔업,4성,2026-04-22,강원,소노벨타워D비발디파크,79,강원도 홍천군 서면 한치골길 262,033-439-7771,https://www.sonohotelsresorts.com/daemyung.vp.accomodation.01_09_01.ds/dmparse.dm
45,한국관광협회중앙회,가족호텔업,3성,2026-04-22,강원,더케이호텔앤리조트(주) 더케이설악산가족호텔,76,강원도 속초시 설악산로 470-7,033-639-8100,https://www.thek-hotel.co.kr/srmh/
46,한국관광협회중앙회,관광호텔업,3성,2026-04-21,서울,메이플레이스 호텔 서울 동대문,105,서울특별시종로구 율곡로 179,02-742-8080,www.mayplace.co.kr
47,한국관광협회중앙회,관광호텔업,3성,2026-04-21,경남,호텔리베라 거제,138,경남 거제시 일운면 거제대로 2190,055-730-5000,http://www.hotelriviera.co.kr/geoje/main/main.asp
48,한국관광협회중앙회,관광호텔업,3성,2026-04-20,대구,에이시티 관광호텔,80,대구광역시 수성구 알파시티1로32길 28-17,053-793-0000,http://www.acthotel.co.kr
49,한국관광협회중앙회,관광호텔업,5성,2026-04-20,인천,파라다이스시티,769,인천광역시 중구 영종해안남로321번길 186,032-729-2000,https://www.p-city.com/
50,한국관광협회중앙회,가족호텔업,2성,2026-04-20,전북,나봄리조트(주),51,전북특별자치도 무주군 설천면 월곡길 45,063-322-6400,http://www.nabomresort.com/
51,한국관광협회중앙회,관광호텔업,2성,2026-04-19,서울,스카이파크호텔 동대문1호점,254,서울특별시 중구 동호로 335,02-2264-2200,http://www.skyparkhotel.com
52,한국관광협회중앙회,관광호텔업,3성,2026-04-19,서울,나인트리 바이 파르나스 서울 동대문,219,서울특별시 중구 을지로 224,02-6926-4099,http://www.ninetreehotels.com/nth4
53,한국관광협회중앙회,관광호텔업,3성,2026-04-17,서울,신라스테이 마포,382,서울특별시 마포구 마포대로 83,02-6979-9000,http://www.shillastay.com
54,한국관광협회중앙회,관광호텔업,4성,2026-04-13,인천,베스트웨스턴인천에어포트호텔,305,인천광역시 중구 공항로424번길 48-27,032-7431-000,http://www.airporthotel.co.kr
55,한국관광협회중앙회,관광호텔업,5성,2026-04-13,서울,호텔 나루,196,서울특별시 마포구 마포대로 8,02-6410-1000,http://www.hotelnaruseoul.com
56,한국관광협회중앙회,관광호텔업,1성,2026-04-09,경기,해시호텔,46,경기도 수원시 팔달구 갓매산로 72-1,031-251-8881,hashhotel@naver.com
57,한국관광협회중앙회,관광호텔업,2성,2026-04-09,서울,하모니 관광호텔,81,서울특별시 강동구 천중로40길 63,02-485-8525,http://www.harmonyhotel.co.kr
58,한국관광협회중앙회,관광호텔업,3성,2026-04-09,서울,사보이호텔,105,서울특별시 중구 명동8나길 10,02-772-7700,http://www.savoyhotel.co.kr
59,한국관광협회중앙회,관광호텔업,3성,2026-04-09,전남,호텔 울돌소리,32,전남 해남군 문내면 관광레저로 12-36,061-532-7900,www.uldolsori-hotel.com
60,한국관광협회중앙회,관광호텔업,2성,2026-04-08,전남,센텀관광호텔,42,전남 무안군 삼향읍 남악로250번길 59-24,061-801-5022,hanuriland@naver.com
61,한국관광협회중앙회,관광호텔업,2성,2026-04-06,부산,오션더포인트호텔,45,부산광역시 수영구 광안해변로278번길 42,051-929-8600,https://oceanthepoint.co.kr/
62,한국관광협회중앙회,관광호텔업,2성,2026-04-06,대구,하운드호텔 대구혁신점 ,54,대구 동구 율암로 168,없음,houndhotel506
63,한국관광협회중앙회,관광호텔업,2성,2026-04-06,경기,그린피아 관광호텔,52,경기도 화성시 세자로 438,031-225-3366,http://www.greenpiahotel.com
64,한국관광협회중앙회,관광호텔업,3성,2026-04-06,경북,포항 하운드 호텔 송도해수욕장점,72,경북 포항시 남구 송도해안길 58,없음,http://houndhotel-pohang.com/
65,한국관광협회중앙회,관광호텔업,5성,2026-04-06,서울,콘래드 서울 호텔,434,서울특별시 영등포구 국제금융로 10,02-6137-7000,http://www.conradseoul.co.kr/
66,한국관광협회중앙회,관광호텔업,2성,2026-04-05,서울,토요코인 서울 동대문 Ⅱ,203,서울특별시 중구 퇴계로 325,02-2272-1045,https://www.toyoko-inn.com/korea/search/detail/00291
67,한국관광협회중앙회,관광호텔업,2성,2026-04-01,서울,동대문 시그니처 관광호텔,67,서울 동대문구 장한로21길 8,02-2216-2789,없음
68,한국관광협회중앙회,관광호텔업,2성,2026-04-01,전남,바반트 관광호텔,62,전남 목포시 북항로 149,061-245-0007,www.hotelvavant.co.kr
69,한국관광협회중앙회,관광호텔업,3성,2026-04-01,전남,(주)샹그리아비치호텔,75,전라남도 목포시 평화로 79,061-285-0100,http://www.shangriahotel.co.kr
70,한국관광협회중앙회,관광호텔업,3성,2026-04-01,경북,(주)구미센츄리호텔,131,경상북도 구미시 3공단1로 296,054-478-0100,http://www.gumicentury.co.kr
71,한국관광협회중앙회,관광호텔업,3성,2026-03-30,서울,호텔 국도,295,서울특별시 중구 을지로 164,02-6466-1234,http://www.hotelkukdo.com
72,한국관광협회중앙회,관광호텔업,5성,2026-03-30,부산,호텔농심,238,부산광역시 동래구 금강공원로20번길 23,051-550-2100,https://www.hotelnongshim.com/kr/
73,한국관광협회중앙회,관광호텔업,2성,2026-03-27,경남,진주KAI관광호텔,43,경상남도 진주시 정촌면 화개천로 132-14,055-756-9200,http://www.jinjukai.co.kr
74,한국관광협회중앙회,관광호텔업,5성,2026-03-27,서울,안다즈 서울 강남,241,서울특별시 강남구 논현로 854,02-2193-1234,http:// http://www.hyatt.com/ko-KR/hotel/south-korea/andaz-seoul-gangnam/selaz
75,한국관광협회중앙회,관광호텔업,2성,2026-03-26,울산,바이브 호텔,65,울산 북구 매산2로 44,052-282-5812,http://sites.google.com/view/vibehotelulsan1
76,한국관광협회중앙회,관광호텔업,3성,2026-03-23,서울,나인트리 바이 파르나스 서울 명동2,408,서울특별시 중구 마른내로 28,02-6967-0999,http://www.ninetreehotel.com/ntm2
77,한국관광협회중앙회,관광호텔업,3성,2026-03-23,전남,오션힐호텔,56,전남 여수시 돌산읍 강남해안로 81,061-640-5621,https://www.oceanhillhotel.co.kr/
78,한국관광협회중앙회,가족호텔업,5성,2026-03-21,서울,메리엇 이그제큐티브 아파트먼트 서울,94,서울특별시 영등포구 여의대로8,02-2090-8000,http://www.marriott.com/seler
79,한국관광협회중앙회,관광호텔업,1성,2026-03-20,서울,더 제리스 플래닛 호텔,42,서울특별시 강남구 강남대로92길 13,02-555-4204,http://www.jerrysplanet.com
80,한국관광협회중앙회,관광호텔업,2성,2026-03-20,울산,토요코인 울산삼산동,281,울산광역시 남구 삼산로 308,052-257-1045,https://www.toyoko-inn.com/korea/search/detail/00310
81,한국관광협회중앙회,관광호텔업,2성,2026-03-19,부산,H-에비뉴 광안리해변점,34,부산광역시 수영구 광안해변로278번길 42,051-751-5858,http://www.havenuebeach.com/
82,한국관광협회중앙회,관광호텔업,2성,2026-03-18,서울,맹그로브 동대문,177,서울특별시 중구 퇴계로 334,없음,https://mangrove.city/locations/dongdaemun
83,한국관광협회중앙회,관광호텔업,2성,2026-03-18,부산,주식회사 시티호텔,82,부산광역시 동구 중앙대로 294,051-467-7700,시티호텔.com
84,한국관광협회중앙회,관광호텔업,2성,2026-03-18,울산,판도라 호텔,70,울산광역시 남구 삼산로392번길 8,052-716-2553,http://www.dailyhotel.co.kr 
85,한국관광협회중앙회,관광호텔업,3성,2026-03-18,부산,스탠포드호텔 부산,132,부산광역시 중구 구덕로 53,051-795-7700,http://www.stanfordbusan.com/
86,한국관광협회중앙회,관광호텔업,4성,2026-03-18,울산,머큐어 앰배서더 호텔 울산,131,울산광역시 북구 강동산하2로 7,052-980-1101,https://www.ambatel.com/mercure/ulsan/ko/main.do
87,한국관광협회중앙회,관광호텔업,2성,2026-03-16,서울,호텔 디아망,50,서울특별시 강서구 남부순환로 190,02-2666-0157,http://www.hoteldiamant.co.kr
88,한국관광협회중앙회,관광호텔업,2성,2026-03-16,경기,호텔 이쁘다,42,경기도 양주시 옥정동로7다길 88,031-857-9601,https://litt.ly/yangju_ippda
89,한국관광협회중앙회,관광호텔업,3성,2026-03-16,서울,서울 프린스 관광호텔,100,서울특별시 중구 퇴계로 130,02-752-7111,https://hotelprinceseoul.co.kr/
90,한국관광협회중앙회,관광호텔업,3성,2026-03-16,부산,아르반시티 호텔,137,부산광역시 연제구 반송로 20,051-851-9949,https://www.daolbooking.com/jsp/rs/selectRm.jsppropCd=0000000103&cmpxCd=00002
91,한국관광협회중앙회,관광호텔업,3성,2026-03-16,경기,호텔 라뷔포레,45,경기도 수원시 팔달구 권광로134번길 44-11,031-224-1100,http://www.hotel-ritz.co.kr/
92,한국관광협회중앙회,소형호텔업,1성,2026-03-16,서울,에이원호텔,21,서울특별시 용산구 이태원로20길 2-8,02-795-5997,https://sites.google.com/view/aonehotel/%ED%99%88
93,한국관광협회중앙회,관광호텔업,3성,2026-03-13,서울,나인브릭,94,서울특별시 마포구 홍익로5길 32,02-3141-8800,http://www.9brickhotel.com
94,한국관광협회중앙회,관광호텔업,2성,2026-03-12,부산,토요코인 부산서면,299,부산광역시 부산진구 서전로 39,051-638-1045,http://www.toyoko-inn.com
95,한국관광협회중앙회,관광호텔업,1성,2026-03-10,서울,호텔어반,51,서울특별시 관악구 난곡로64길 5,02-862-6664,https://urbanhotelgolf.modoo.at
96,한국관광협회중앙회,관광호텔업,3성,2026-03-06,부산,부산시티호텔,122,부산광역시 연제구 신촌로 19,051-851-1122,http://www.busancityhotel.com
97,한국관광협회중앙회,관광호텔업,2성,2026-03-04,부산,토요코인 부산 해운대-Ⅱ,442,부산광역시 해운대구 해운대해변로237번길 5,051-741-1045,http://www.toyoko-inn.co.kr
98,한국관광협회중앙회,관광호텔업,2성,2026-03-04,전남,나르샤관광호텔,48,전라남도 여수시 시청서6길 3,061-686-2000,http://www.narshahotel.com
99,한국관광협회중앙회,관광호텔업,4성,2026-03-04,서울,아난티 앳 강남,111,서울특별시 강남구 논현로 734,02-2190-4000,https://ananti.kr/ko/ganm
100,한국관광협회중앙회,관광호텔업,2성,2026-03-03,부산,올라호텔,42,부산광역시 해운대구 송정광어골로 49,051-704-0001,http://www.ollahotel.com
101,한국관광협회중앙회,관광호텔업,2성,2026-03-03,부산,브라운도트호텔 하단점,51,부산광역시 사하구 낙동남로1423번길 47,051-201-3994,https://blog.naver.com/oes907349
102,한국관광협회중앙회,관광호텔업,2성,2026-03-03,경남,바이브호텔 거제고현점,70,경남 거제시 거제중앙로23길 9,055-73-63901,https://vibe2402.my.canva.site/
103,한국관광협회중앙회,관광호텔업,3성,2026-03-03,울산,(주)호텔롯데 롯데시티호텔울산,350,울산광역시 남구 삼산로 204,052-990-1000,https://www.lottehotel.com/ulsan-city/ko.html
104,한국관광협회중앙회,관광호텔업,5성,2026-03-02,인천,그랜드하얏트인천 이스트타워,523,인천광역시 중구 영종해안남로321번길 190,032-745-1234,http://incheon.grand@hyatt.com
105,한국관광협회중앙회,관광호텔업,2성,2026-02-27,서울,호텔 크레토,35,서울특별시 중구 명동8가길 53,02-740-4500,http://www.hotelcreto.com
106,한국관광협회중앙회,관광호텔업,2성,2026-02-27,부산,사우스반데코 호텔,56,부산광역시 부산진구 서면로 6,051-815-5252,https://southvandeco.imweb.me/
107,한국관광협회중앙회,관광호텔업,3성,2026-02-27,서울,에스알 호텔,82,서울특별시 강서구 강서로 400,02-2038-8000,http://hotel-sr.co.kr
108,한국관광협회중앙회,관광호텔업,3성,2026-02-27,서울,라마다 서울 동대문 호텔(정광피엔아이 주식회사),197,서울특별시 중구 동호로 354,02-2276-3500,http://www.ramadaddm.com
109,한국관광협회중앙회,관광호텔업,4성,2026-02-27,경기,코트야드 바이 메리어트 평택,230,경기 평택시 고덕면 첨단대로 110,031-611-3000,www.marriott.com/cjjpy
110,한국관광협회중앙회,관광호텔업,2성,2026-02-25,강원,인제관광호텔,70,강원특별자치도 인제군 북면 고원통로 107,033-462-9260,http://www.인제관광호텔.com/
111,한국관광협회중앙회,관광호텔업,2성,2026-02-25,강원,퍼시먼관광호텔,56,강원특별자치도 정선군 남면 무릉4로 2,033-592-8911,persimmon8911@gmail.com
112,한국관광협회중앙회,소형호텔업,2성,2026-02-25,울산,더뱀부호텔,20,울산 울주군 상북면 알프스온천4길 16,052-264-4900,youngnamalps.com
113,한국관광협회중앙회,관광호텔업,1성,2026-02-23,경남,브라운도트호텔 양산서창점,42,경상남도 양산시 삼호로 197-16,055-785-0027,https://naver.me/FQVnKLH3
114,한국관광협회중앙회,관광호텔업,1성,2026-02-19,부산,Plaire(플레르) 관광호텔,48,부산광역시 해운대구 송정광어골로 70,051-701-7601,https://place-site.yanolja.com/places/26216rooms=1&checkinDate=2025-09-11&checkoutDate=2025-09-12&capacityAdult=2&capacityChild=0
115,한국관광협회중앙회,가족호텔업,3성,2026-02-19,서울,위브스위트-선유 파크사이드,157,서울 영등포구 양평로 132,없음,https://www.weave-living.com/kr
116,한국관광협회중앙회,관광호텔업,3성,2026-02-17,경북,경주지지관광호텔,53,경상북도 경주시 태종로699번길 3,054-701-0090,http://www.gghotel.co.kr/
117,한국관광협회중앙회,관광호텔업,3성,2026-02-16,서울,이비스 앰배서더 명동,279,서울특별시 중구 남대문로 78,02-6361-8888,ambatel.com/ibis/myeongdong
118,한국관광협회중앙회,관광호텔업,2성,2026-02-12,서울,호텔아벤트리여의도,90,서울특별시 영등포구 버드나루로 90,02-2678-8808,http://hotelaventreeyeouido.co.kr
119,한국관광협회중앙회,관광호텔업,2성,2026-02-12,울산,에이치호텔,44,울산광역시 남구 화합로178번길 7,052-271-9044,http://www.hhotelkorea.com/
120,한국관광협회중앙회,관광호텔업,5성,2026-02-11,서울,웨스틴 서울 파르나스,656,서울특별시 강남구 봉은사로 524,02-3452-2500,https://seoul.intercontinental.com/iccoex/
121,한국관광협회중앙회,관광호텔업,5성,2026-02-11,경남,쏠비치 남해,366,경남 남해군 미조면 쏠비치길 21,055-812-2000,https://www.sonohotelsresorts.com/solbeach_nh
122,한국관광협회중앙회,관광호텔업,2성,2026-02-06,인천,반도관광호텔,50,인천광역시 계양구 계양문화로17번길 8,032-551-5959,없음
123,한국관광협회중앙회,관광호텔업,4성,2026-02-06,서울,더 클래식 500 펜타즈,84,서울특별시 광진구 능동로 90,02-2218-5000,http://www.theclassic500.com
124,한국관광협회중앙회,관광호텔업,1성,2026-02-05,서울,이지갤러리 관광호텔,62,서울특별시 강서구 화곡로 327,02-2694-0707,https://naver.me/xwwgQu8b
125,한국관광협회중앙회,관광호텔업,1성,2026-02-05,인천,엠플레이스호텔,66,인천광역시 남동구 인하로507번길 56,03-2426-2500,http://hotelmplace.kr
126,한국관광협회중앙회,관광호텔업,1성,2026-02-05,충남,베니키아호텔,60,충청남도 보령시 머드로 137,041-933-4777,https://cheonanhotel.co.kr/
127,한국관광협회중앙회,관광호텔업,2성,2026-02-05,경북,비치호텔,42,경북 포항시 북구 해안로 105,054-255-3001,https://booking.naver.com/booking/3/bizes/1500450area=pll
128,한국관광협회중앙회,관광호텔업,3성,2026-02-03,서울,호텔 뉴브,150,서울특별시 강남구 선릉로85길 6,02-740-5000,http://www.newvhotel.com
129,한국관광협회중앙회,관광호텔업,3성,2026-01-27,서울,에이든 청담호텔,149,서울특별시 강남구 도산대로 216,02-6711-1234,http://www.aidencheongdam.com/
130,한국관광협회중앙회,가족호텔업,2성,2026-01-23,경남,부곡스파디움따오기호텔,82,경상남도 창녕군 부곡면 온천중앙로 42,055-530-3000,http://www.spadium.co.kr
131,한국관광협회중앙회,관광호텔업,2성,2026-01-22,전북,리츠프라자호텔,57,전라북도 군산시 한밭안길 30,063-468-4681,http://www.ritzplaza.co.kr
132,한국관광협회중앙회,관광호텔업,4성,2026-01-22,서울,(주)서부티엔디 이비스 스타일 앰배서더 서울 용산,581,서울특별시 용산구 청파로20길 95,02-2223-7000,https://www.seouldragoncity.com/web/kr/
133,한국관광협회중앙회,관광호텔업,4성,2026-01-20,서울,프레지던트호텔,271,서울특별시 중구 을지로 16,02-753-3131,https://www.hotelpresident.co.kr/main/
134,한국관광협회중앙회,관광호텔업,2성,2026-01-19,전남,정남진 골프리조트 관광호텔(주),46,전라남도 장흥군 장평면 제산기동로 326,061-860-9000,http://jnjgolfresort.co.kr
135,한국관광협회중앙회,관광호텔업,2성,2026-01-17,서울,제이베이 관광호텔,52,서울특별시 강북구 한천로140길 14,02-900-2220,http://jbayhotel.co.kr
136,한국관광협회중앙회,관광호텔업,3성,2026-01-15,서울,카파쓰 호텔,52,서울특별시 강남구 언주로89길 21,02-6205-3900,http://www.capace.co.kr
137,한국관광협회중앙회,관광호텔업,4성,2026-01-14,서울,글래드호텔앤리조트(주) 글래드호텔 여의도 ,319,서울특별시 영등포구 의사당대로 16,02-6222-5000,https://www.gladyeouido-hotels.com
138,한국관광협회중앙회,관광호텔업,4성,2026-01-14,서울,아만티 호텔 서울,150,서울특별시 마포구 월드컵북로 31,02-334-3111,http://www.hotelamanti.com
139,한국관광협회중앙회,관광호텔업,2성,2026-01-06,부산,토요코인 부산역1,357,부산광역시 동구 중앙대로196번길 12,051-466-1045,http://www.toyoko-inn.com
140,한국관광협회중앙회,관광호텔업,4성,2026-01-06,경기,라까사호텔 광명,194,경기도 광명시 일직로12번길 22,02-6711-9000,https://www.hotellacasa.kr
141,한국관광협회중앙회,관광호텔업,2성,2026-01-05,대전,호텔선샤인,55,대전광역시 동구 동서대로 1700,042-620-6500,http://www.hotelsunshine.kr/
142,한국관광협회중앙회,관광호텔업,2성,2026-01-05,경기,의정부 라트리 호텔(Uijeongbu La Tree Hotel),58,경기도 의정부시 청사로6번길 19-13,03-1843-5100,http://www.uijeongbu-latree.com
143,한국관광협회중앙회,관광호텔업,2성,2026-01-02,경기,호텔클로버,88,경기도 안산시 상록구 양지편로 22,031-417-9300,http://www.hotelclover.co.kr/
144,한국관광협회중앙회,소형호텔업,1성,2026-01-02,경기,호텔오이도,23,경기 시흥시 오이도로 249,없음,없음
145,한국관광협회중앙회,관광호텔업,4성,2025-12-30,서울,글래드호텔 마포,378,서울특별시 마포구 마포대로 92,02-2197-5000,https://gladmapo-hotels.com/
146,한국관광협회중앙회,관광호텔업,3성,2025-12-29,서울,나인트리 바이 파르나스 서울 명동1,144,서울특별시 중구 명동10길 51,02-750-0900,http://www.ninetreehotels.com/nth1
147,한국관광협회중앙회,관광호텔업,5성,2025-12-29,부산,(주)파라다이스호텔 부산,529,부산광역시 해운대구 해운대해변로 296,051-742-2121,https://www.busanparadisehotel.co.kr/front
148,한국관광협회중앙회,관광호텔업,3성,2025-12-28,서울,레이크호텔,94,서울특별시 송파구 석촌호수로 216,02-422-1001,www.hotellake.co.kr
149,한국관광협회중앙회,관광호텔업,4성,2025-12-28,경남,(주)호텔인터내셔널,121,경상남도 창원시 성산구 중앙대로 69,055-281-1001,https://www.hi1001.co.kr
150,한국관광협회중앙회,관광호텔업,2성,2025-12-27,서울,호텔티롤,83,서울특별시 서초구 나루터로 64,02-544-1004,http://www.hoteltirol.co.kr
151,한국관광협회중앙회,관광호텔업,3성,2025-12-27,서울,이비스 스타일 앰배서더 서울 명동,180,서울특별시 중구 삼일대로 302,02-6020-8888,https://www.ambatel.com/ibisstyles/myeongdong/ko/main.do
152,한국관광협회중앙회,관광호텔업,4성,2025-12-27,서울,코트야드 메리어트 서울 명동,400,서울특별시 중구 남대문로 9,02-2211-8000,https://www.marriott.co.kr/selsn
153,한국관광협회중앙회,관광호텔업,1성,2025-12-24,인천,블루마린호텔,51,인천광역시 중구 월미로234번길 12,032-765-7142,https://bymarinehotel.com
154,한국관광협회중앙회,관광호텔업,2성,2025-12-24,대구,브라운도트호텔 현풍점,60,대구광역시 달성군 현풍읍 테크노공원로 35,053-615-6789,https://worker-inn.web-dream.co.kr/
155,한국관광협회중앙회,가족호텔업,3성,2025-12-24,전북,(주) 무주덕유산리조트,974,전북특별자치도 무주군 설천면 만선로 185,063-322-9000,www.mdysresort.com
156,한국관광협회중앙회,관광호텔업,5성,2025-12-21,강원,하이원 그랜드호텔카지노,727,강원도 정선군 사북읍 하이원길 265,033-1588-7789,http://www.high1.com
157,한국관광협회중앙회,관광호텔업,3성,2025-12-20,서울,호텔 글래드 강남 코엑스센터,282,서울특별시 강남구 테헤란로 610,02-6474-5000,https://gladgangnamcoex-hotels.com/
158,한국관광협회중앙회,관광호텔업,5성,2025-12-18,서울,포시즌스 호텔 서울,317,서울특별시 종로구 새문안로 97,02-6388-5000,https://www.fourseasons.com/kr/seoul/
159,한국관광협회중앙회,관광호텔업,2성,2025-12-17,경기,바인호텔,66,경기도 성남시 중원구 산성대로 184,031-721-3350,http://www.hotel-vine.co.kr/
160,한국관광협회중앙회,한국전통호텔업,1성,2025-12-15,전남,한옥호텔오동재,40,전라남도 여수시 박람회길 99,061-650-0300,http://www.odongjae.com/
161,한국관광협회중앙회,소형호텔업,1성,2025-12-15,서울,호텔AROZO,24,서울특별시 영등포구 양산로1길 3-1,02-2677-5511,https://www.instagram.com/hotel_arozo/#
162,한국관광협회중앙회,소형호텔업,1성,2025-12-15,서울,호텔AROZO 2,24,서울특별시 영등포구 양산로1길 5,02-2677-5511,https://www.instagram.com/hotel_arozo/#
163,한국관광협회중앙회,관광호텔업,2성,2025-12-12,서울,호텔 씨에스 에비뉴,70,서울특별시 은평구 통일로 585-1,02-350-6900,http://hotelcs.co.kr
164,한국관광협회중앙회,관광호텔업,3성,2025-12-12,서울,주니비노호텔,68,서울특별시 마포구 양화진2길 31,02-332-7771,junibinohotel.com
165,한국관광협회중앙회,가족호텔업,2성,2025-12-09,서울,호텔리베라 아노블리,30,서울특별시 강남구 도산대로 419,02-541-3111,http://www.hotelriviera.co.kr/anobli/html/main.asp
166,한국관광협회중앙회,관광호텔업,3성,2025-12-03,경북,안동 그랜드 호텔,82,경상북도 안동시 관광단지로 346-84,054-851-9000,http://www.andonggrandhotel.com
167,한국관광협회중앙회,관광호텔업,3성,2025-11-30,서울,목시 서울 인사동 호텔,140,서울특별시 종로구 돈화문로11길 37,02-758-1700,http://www.moxyseoulinsadong.com
168,한국관광협회중앙회,관광호텔업,4성,2025-11-29,인천,오라카이송도파크호텔,275,인천광역시 연수구 테크노파크로 151,032-210-7000,http://www.orakaihotels.com
169,한국관광협회중앙회,관광호텔업,2성,2025-11-28,부산,브라운도트호텔 덕천점,47,부산광역시 북구 금곡대로8번길 20,051-341-3991,https://www.wnhotels.com/
170,한국관광협회중앙회,관광호텔업,3성,2025-11-28,인천,소울하다 계양,85,인천광역시 계양구 계양문화로 58,032-272-1700,http://www.soulhada.com
171,한국관광협회중앙회,관광호텔업,3성,2025-11-28,경기,쉐르빌온천관광호텔,68,경기도 양평군 개군면 신내길7번길 37,031-774-4101,http://www.cherevillehotel.com
172,한국관광협회중앙회,관광호텔업,3성,2025-11-28,강원,레고랜드 호텔,154,강원도 춘천시 하중도길 128,033-815-2300,https://www.legoland.kr/
173,한국관광협회중앙회,관광호텔업,5성,2025-11-28,부산,파크하얏트부산 호텔,269,부산광역시 해운대구 마린시티1로 51,051-990-1234,https://www.parkhyattbusan.com
174,한국관광협회중앙회,가족호텔업,2성,2025-11-27,전남,루미아호텔앤리조트,59,전라남도 완도군 신지면 울몰길 49,061-554-1000,https://lumiahotel.co.kr/
175,한국관광협회중앙회,관광호텔업,2성,2025-11-26,부산,호텔노아,51,부산광역시 중구 자갈치로47번길 3-1,051-710-6777,http://hotelnoah.com
176,한국관광협회중앙회,관광호텔업,1성,2025-11-25,경기,브라운도트호텔,55,경기 남양주시 별내면 청학로 77,없음,aaa7763@kakao.com
177,한국관광협회중앙회,가족호텔업,1성,2025-11-21,충남,롱비치가족호텔,33,충남 태안군 소원면 만리포2길 120,041-672-8822,longbeachhotel@naver.com
178,한국관광협회중앙회,관광호텔업,2성,2025-11-20,전남,(주)와이엔텍 호텔다향앤리조트,55,전남 보성군 조성면 조성3길 338,없음,https://www.bosungcc.co.kr/
179,한국관광협회중앙회,관광호텔업,2성,2025-11-12,경남,아세라빌라드아쿠아 호텔,62,경남 김해시 가락로24번길 15,055-321-8021,https://blog.naver.com/asherah_hotel
180,한국관광협회중앙회,관광호텔업,2성,2025-11-10,인천,3에스(S)호텔(검단점),93,인천광역시 서구 원당대로 874,032-568-5610,http://3sboutiquehotel.co.kr/
181,한국관광협회중앙회,관광호텔업,4성,2025-11-10,서울,라마다 서울 신도림 호텔,104,서울특별시 구로구 경인로 624,02-2162-2000,http://www.ramadasindorim.com
182,한국관광협회중앙회,관광호텔업,2성,2025-11-05,서울,마인드 관광호텔,65,서울특별시 금천구 남부순환로 1262,02-839-1220,http://mindhotel.co.kr/
183,한국관광협회중앙회,관광호텔업,3성,2025-11-05,전북,전주관광호텔 꽃심,101,전라북도 전주시 완산구 팔달로 171,063-232-5353,http://www.hotelkkotsim.com/
184,한국관광협회중앙회,소형호텔업,2성,2025-11-05,강원,호텔 인트로,20,강원도 춘천시 퇴계로77번길 22,033-253-1117,http://www.introhotel.co.kr
185,한국관광협회중앙회,관광호텔업,2성,2025-11-03,경북,영주온천관광호텔,52,경상북도 영주시 대학로240번길 8,054-634-7733,http://www.yeongjutouristhotel.co.kr
186,한국관광협회중앙회,관광호텔업,3성,2025-11-03,서울,임피리얼팰리스 부티크호텔,128,서울특별시용산구 이태원로 221,02-3702-8000,http://imperialpalaceboutiquehotel.com
187,한국관광협회중앙회,관광호텔업,2성,2025-10-29,경북,엘라포니시 풀빌라&호텔,52,경상북도 경주시 감포읍 동해안로 1594,054-741-5000,http://elafonisi.co.kr/
188,한국관광협회중앙회,관광호텔업,3성,2025-10-29,서울,호텔안테룸서울,112,서울특별시 강남구 도산대로 153,02-542-2300,https://www.anteroom-seoul.com/
189,한국관광협회중앙회,관광호텔업,5성,2025-10-29,서울,JW메리어트호텔 서울,379,서울특별시 서초구 신반포로 176,02-6282-6262,http://www.marriott.co.kr
190,한국관광협회중앙회,소형호텔업,2성,2025-10-29,경북,브라운도트 호텔 경주점,29,경북 경주시 진현로1길 4,없음,https://place-site.yanolja.com/places/10060217rooms=1&checkinDate=2025-07-01&checkoutDate=2025-07-02&capacityAdult=2&capacityChild=0
191,한국관광협회중앙회,가족호텔업,4성,2025-10-29,서울,보코서울강남,151,서울특별시 강남구 도산대로 144,02-518-0647,https://www.vocohotels.com/seoulgangnam
192,한국관광협회중앙회,관광호텔업,2성,2025-10-27,경기,엘가관광호텔,74,경기도 화성시 향남읍 평6길 46-1,031-366-3319,http://www.elgahotel.co.kr
193,한국관광협회중앙회,관광호텔업,5성,2025-10-24,부산,웨스틴 조선 부산,290,부산광역시 해운대구 동백로 67,051-749-7000,https://josunhotel.com/hotel/westinBusan.do
194,한국관광협회중앙회,관광호텔업,2성,2025-10-22,서울,호텔 데님,88,서울특별시 강남구 논현로 66,02-2058-1000,http://www.hoteldenim.com
195,한국관광협회중앙회,관광호텔업,2성,2025-10-22,부산,호텔포레 더 스파,47,부산광역시 동구 중앙대로296번길 6,051-463-6171, https://www.hotelforet.com/view/index.do
196,한국관광협회중앙회,관광호텔업,3성,2025-10-22,서울,뉴서울호텔,188,서울특별시 중구 세종대로22길 16,02-735-8800,http://www.newseoulhotel.co.kr
197,한국관광협회중앙회,관광호텔업,3성,2025-10-22,서울,솔라리아 니시테츠 호텔 서울 명동,312,서울특별시 중구 명동8길 27,02-773-1555,https://solaria-seoul.nnr-h.com/
198,한국관광협회중앙회,관광호텔업,3성,2025-10-22,경기,호텔라르,144,경기 김포시 고촌읍 장차로5번길 5-9,02-2665-1322,http://www.lartgimpo.com/html/main.asp
199,한국관광협회중앙회,관광호텔업,2성,2025-10-20,경기,웨스트9호텔,65,경기도 김포시 김포한강9로75번길 64,031-982-5821,http://west9hotel.com/
200,한국관광협회중앙회,가족호텔업,5성,2025-10-17,강원,세이지우드 호텔 홍천,32,강원도 홍천군 두촌면 광석로 898-87,033-439-1000,http://www.sagewood.co.kr/hongcheon
201,한국관광협회중앙회,관광호텔업,4성,2025-10-16,서울,힐튼 가든 인 서울 강남 ,208,서울특별시 서초구 강남대로 253,02-580-8500,www.hiltongardeninnseoulgangnam.co.kr  
202,한국관광협회중앙회,관광호텔업,4성,2025-10-16,서울,골든서울호텔,260,서울특별시강서구공항대로663,02-3397-2000,http://www.goldenseoul.com/
203,한국관광협회중앙회,관광호텔업,5성,2025-10-16,서울,노보텔앰배서더서울동대문호텔,331,서울특별시 중구 을지로 238,02-3425-8050,https://ambatel.com/novotel/dongdaemun/en/main.do
204,한국관광협회중앙회,관광호텔업,2성,2025-10-13,인천,W 관광호텔,40,인천 중구 월미로 211,032-772-6300,https://icwhotel.modoo.at
205,한국관광협회중앙회,관광호텔업,2성,2025-10-02,전남,남도호텔,50,전라남도 해남군 해남읍 영빈로 53,061-535-9595,http://www.namdohotel.com
206,한국관광협회중앙회,관광호텔업,3성,2025-10-02,강원,메이플비치 골프 & 리조트,54,강원특별자치도 강릉시 강동면 염전길 255,033-650-0000,https://maplebeach.co.kr/
207,한국관광협회중앙회,소형호텔업,2성,2025-10-02,경기,호텔가덴 비즈,18,경기도 수원시 권선구 경수대로335번길 10,031-239-5537,http://www.hotelgaden.com/home/
208,한국관광협회중앙회,관광호텔업,2성,2025-10-01,경기,제이비스(JBIS) 호텔,58,경기도 의정부시 청사로6번길 19-7,031-836-4500,www.jbishotel.com 
209,한국관광협회중앙회,관광호텔업,3성,2025-10-01,서울,도미인 익스프레스 서울 인사동,127,서울특별시 종로구 인사동길 20-9,02-738-6100,https://dormy-hotels.com/dormyinn/hotels/insadong/
210,한국관광협회중앙회,관광호텔업,3성,2025-10-01,전북,신라스테이 전주 호텔,210,전북특별자치도 전주시 완산구 현무1길 10,063-913-3400,https://www.shillastay.com/jeonju/index.do
211,한국관광협회중앙회,관광호텔업,5성,2025-09-30,서울,메이필드호텔,239,서울특별시 강서구 방화대로 94,02-2660-9000,https://www.mayfield.co.kr
212,한국관광협회중앙회,관광호텔업,5성,2025-09-26,서울,소피텔 앰배서더 서울 호텔 앤 서비스드 레지던스(관광호텔),403,서울특별시 송파구 잠실로 209,02-2902-6000,http://www.sofitel-seoul.com
213,한국관광협회중앙회,관광호텔업,2성,2025-09-25,경북,비치온 관광호텔,59,경상북도 울릉군 울릉읍 울릉순환로 772,054-791-0955,http://www.beachon.co.kr/
214,한국관광협회중앙회,관광호텔업,4성,2025-09-20,강원,Hotel Tops10,332,강원도 강릉시 옥계면 헌화로 455-34,033-530-4800,https://www.hotel-topsten.co.kr/
215,한국관광협회중앙회,관광호텔업,2성,2025-09-19,전남,호텔몬다비,87,전남 목포시 수강로4번길 33,061-242-2200,http://www.mondavihotel.com
216,한국관광협회중앙회,관광호텔업,3성,2025-09-19,서울,트레블로지 명동 을지로 호텔,224,서울특별시 중구 수표로 61,02-6240-5000,https://www.travelodgehotels.asia/travelodge-myeongdong-euljiro/kr/
217,한국관광협회중앙회,관광호텔업,3성,2025-09-19,강원,원주시티호텔 기업도시점,48,강원특별자치도 원주시 지정면 신무로 54-9,033-742-7777,http://citihotel.kr/gieob
218,한국관광협회중앙회,관광호텔업,4성,2025-09-19,경기,호텔스카이파크 센트럴 서울판교점,206,경기도 성남시 분당구 황새울로311번길 36,031-5170-7750,https://www.skyparkhotel.com/html/accommdation/accom9_tab1_01.asp
219,한국관광협회중앙회,관광호텔업,2성,2025-09-18,경남,(주)마산관광호텔,42,경상남도 창원시 마산합포구 수산1길 285,055-245-0070,http://www.masanhotel.co.kr
220,한국관광협회중앙회,가족호텔업,1성,2025-09-14,서울,신촌 EVER8 레지던스 호텔,47,서울특별시 서대문구 신촌역로 7,02-364-0807,http://www.ever8.co.kr/
221,한국관광협회중앙회,관광호텔업,3성,2025-09-12,경북,경주시티호텔,88,경북 경주시 북성로 127,054-775-8888,http://gyeongjucityhotel.com/
222,한국관광협회중앙회,관광호텔업,4성,2025-09-12,경북,(주)코오롱엘에스아이 코오롱호텔,317,경상북도 경주시 불국로 289-17,054-746-9001,http://www.kolonhotel.co.kr
223,한국관광협회중앙회,관광호텔업,2성,2025-09-11,서울,에이치에비뉴 호텔 이대점,94,서울특별시 마포구 신촌로 152,02-702-4577, https://map.naver.com/p/entry/place/724931180lng=126.9425272&lat=37.5563709&placePath=%2Fhome&entry=plt&searchType=place
224,한국관광협회중앙회,관광호텔업,3성,2025-09-11,서울,호텔 카푸치노,141,서울특별시강남구봉은사로155,02-2038-9500,https://hotelcappuccino.co.kr
225,한국관광협회중앙회,관광호텔업,3성,2025-09-08,서울,홈즈레드 명동,111,서울특별시 중구 퇴계로 176,02-541-8403,http://www.dearsmd.com
226,한국관광협회중앙회,가족호텔업,2성,2025-09-08,전남,유토피아가족호텔,38,전라남도 목포시 평화로 65-9,061-2853000,https://utopiahotel.kr/
227,한국관광협회중앙회,관광호텔업,2성,2025-09-04,충북,라마다 바이윈덤 호텔 충주 수안보,103,충청북도 충주시 수안보면 조산공원길 99,043-848-8833,http://ramadasuanbo.com
228,한국관광협회중앙회,관광호텔업,3성,2025-09-03,서울,신라스테이 서대문,319,서울특별시 서대문구 충정로 76,02-6388-9000,https://shillastay.com/seodaemun/index.dolang=ko
229,한국관광협회중앙회,관광호텔업,3성,2025-09-03,경기,이비스앰배서더수원,215,경기도수원시팔달구권광로132,031-230-5000,https://www.ambatel.com/ibis/suwon/ko/main.do
230,한국관광협회중앙회,관광호텔업,2성,2025-09-01,경기,부천호텔,98,경기도부천시길주로131,032-326-8181,http://www.bucheonhotel.co.kr
231,한국관광협회중앙회,관광호텔업,2성,2025-08-27,경북,주왕산관광호텔,46,경상북도 청송군 청송읍 중앙로 315,054-874-7000,http://www. Juwangspahotel.co.kr
232,한국관광협회중앙회,관광호텔업,1성,2025-08-26,경기,이끌림클래식호텔,84,경기도평택시포승읍평택항로184번길3-13,031-682-3207,없음
233,한국관광협회중앙회,관광호텔업,2성,2025-08-26,서울,캠프관광호텔,50,서울특별시양천구가로공원로167,02-2699-7356,https://camphotel.modoo.at
234,한국관광협회중앙회,관광호텔업,4성,2025-08-26,전남,라한호텔 목포,208,전라남도 영암군 삼호읍 대불로 91,061-463-2233,http://www.lahanhotels.com/mokpo
235,한국관광협회중앙회,관광호텔업,2성,2025-08-25,서울,볼(Voll) 관광호텔,53,서울 강서구 강서로5나길 30,02-2605-1970,https://hotelvollseoul.modoo.at/
236,한국관광협회중앙회,관광호텔업,4성,2025-08-25,서울,"더 링크 서울, 트리뷰트 포트폴리오 호텔",141,서울특별시 구로구 경인로 610,0285-26-7000,https://www.marriott.com/seltx
237,한국관광협회중앙회,관광호텔업,4성,2025-08-23,서울,호텔리베라서울,319,서울특별시강남구영동대로737,02-541-3111,http://room@hotelriviera.co.kr
238,한국관광협회중앙회,관광호텔업,3성,2025-08-22,서울,알로프트 서울 강남 호텔,188,서울특별시강남구영동대로736,02-510-9700,http://www.aloftseoulgangnam.com
239,한국관광협회중앙회,관광호텔업,3성,2025-08-22,경북,라한호텔 포항,160,경상북도 포항시 북구 삼호로265번길 1,054-230-7000,http://www.lahanhotels.com
240,한국관광협회중앙회,관광호텔업,3성,2025-08-19,경기,아일랜드캐슬 호텔,101,경기 의정부시 장곡로 22,031-894-0300,http://www.islandcastle.net/
241,한국관광협회중앙회,관광호텔업,2성,2025-08-18,서울,보보호텔,55,서울특별시 마포구 양화로 94,02-324-0021,http://www.bobohotel.net
242,한국관광협회중앙회,관광호텔업,2성,2025-08-13,경남,포르투나호텔,64,경상남도통영시미수해안로152,055-643-7000,http://www.bestfortuna.com
243,한국관광협회중앙회,관광호텔업,2성,2025-08-12,서울,맹그로브 신설,311,서울특별시 동대문구 왕산로 22,없음,https://mangrove.city/locations/sinseol/
244,한국관광협회중앙회,관광호텔업,2성,2025-08-12,경기,뉴스카이호텔,36,경기도 용인시 처인구 백암면 고안로 48,031-339-0064,없음
245,한국관광협회중앙회,관광호텔업,3성,2025-08-12,경기,어반이스트 호텔,99,경기도 고양시 덕양구 고양대로 1725,031-966-8202,http://www.urban-est.co.kr
246,한국관광협회중앙회,소형호텔업,2성,2025-08-12,서울,나무호텔,23,서울특별시 광진구 아차산로76가길 12,02-456-3271,http://www.namuhotel.com
247,한국관광협회중앙회,가족호텔업,2성,2025-08-11,전남,담양리조트가족호텔,36,전남 담양군 금성면 원율리 401,061-380-5000,www.damyangresort.com
248,한국관광협회중앙회,가족호텔업,2성,2025-08-11,경남,오아시스호텔,155,경상남도 거제시 장평4로2길 11-9,055-636-8900,http://www.geojeoasis.co.kr
249,한국관광협회중앙회,관광호텔업,4성,2025-08-09,부산,아스티 호텔,360,부산광역시동구중앙대로214번길7-8,051-409-8888,https://astihotel.co.kr/
250,한국관광협회중앙회,관광호텔업,3성,2025-08-08,서울,아리랑힐 호텔 동대문,190,서울특별시 성북구 아리랑로 8,02-925-7000,http://www.hotelahill.com
251,한국관광협회중앙회,관광호텔업,3성,2025-08-08,서울,(주)호텔롯데 롯데시티 호텔마포,284,서울특별시마포구마포대로109,02-6005-1743,https://www.lottehotel.com/mapo-city/ko.html
252,한국관광협회중앙회,관광호텔업,2성,2025-08-05,부산,(주)샤이어호텔,71,부산광역시 부산진구 부전로 18-5,051-806-7172,http://www.shiretel.com
253,한국관광협회중앙회,관광호텔업,3성,2025-08-05,부산,베니키아호텔 해운대,166,부산광역시 해운대구 해운대해변로 317,051-760-7000,http://www.hotelhaeundae.com/
254,한국관광협회중앙회,관광호텔업,1성,2025-08-04,경기,제니스관광호텔,59,경기 부천시 원미구 길주로77번길 19-24,032-329-3333,www.znshotel.com
255,한국관광협회중앙회,관광호텔업,5성,2025-08-04,충북,엔포드호텔 (주)중원산업,312,충청북도 청주시 청원구 충청대로 114,043-290-1000,https://enfordhotels.com/
256,한국관광협회중앙회,관광호텔업,4성,2025-08-01,경기,코트야드 바이 매리엇 서울 판교,280,경기도성남시분당구판교역로192번길12,031-8060-2000,http://www.marriott.co.kr/hotels/travel/selpn-courtyard-seoul-pangyo
257,한국관광협회중앙회,관광호텔업,2성,2025-07-30,경북,아리수경주호텔,80,경상북도 경주시 영불로 207,054-746-0000,www.arisuhotel.com
258,한국관광협회중앙회,관광호텔업,3성,2025-07-30,전남,호텔에디션스,75,전남 목포시 평화로 75,061-260-2900,www.editionshotel.com
259,한국관광협회중앙회,관광호텔업,4성,2025-07-30,서울,포포인츠바이쉐라톤서울강남,199,서울특별시강남구도산대로203,02-2160-8900,http://www.marriott.com/travel/selfg
260,한국관광협회중앙회,관광호텔업,2성,2025-07-22,인천,에이치에비뉴 인천서구청점,46,인천광역시 서구 탁옥로51번길 13-15,032-710-2690,없음
261,한국관광협회중앙회,관광호텔업,2성,2025-07-22,경남,호텔포마,35,경상남도 창원시 진해구 진해대로 2116,없음,없음
262,한국관광협회중앙회,관광호텔업,2성,2025-07-21,인천,호텔498,71,인천광역시연수구용담로85번길24,032-899-9300,http://hotel498.com
263,한국관광협회중앙회,관광호텔업,3성,2025-07-21,경북,체스터톤스 경주 더 테라스 호텔,83,경북 경주시 광중길 11,054-771-3600,https://www.chestertons-gyeongju.com/
264,한국관광협회중앙회,관광호텔업,4성,2025-07-19,경기,노보텔 앰배서더 수원,287,경기도수원시팔달구덕영대로902,031-547-6600,http://www.ambatel.com/novotel/suwon
265,한국관광협회중앙회,관광호텔업,1성,2025-07-15,서울,잠실스테이,53,서울특별시 송파구 삼전로 67,02-421-2761,https://jamsilstay.modoo.at/
266,한국관광협회중앙회,관광호텔업,2성,2025-07-15,부산,호텔 라온,67,부산광역시해운대구송정광어골로39,051-714-0003,http://www.busan-laon.com
267,한국관광협회중앙회,관광호텔업,4성,2025-07-15,울산,주식회사 라한호텔(울산),272,울산광역시 동구 방어진순환도로 875,052-251-2233,http://www.lahanhotels.com
268,한국관광협회중앙회,관광호텔업,4성,2025-07-15,전북,라한호텔전주,195,전라북도전주시완산구기린대로85,063-907-7410,https://lahanhotels.com/jeonju/index.do
269,한국관광협회중앙회,관광호텔업,5성,2025-07-15,전남,소노캄 여수 ,311,전라남도 여수시 오동도로 111,061-660-5800,http://www.sonohotelsresorts.com/yeosu
270,한국관광협회중앙회,관광호텔업,2성,2025-07-14,경남,아몬드키즈관광호텔,42,경상남도 김해시 활천로237번길 8-13,055-723-3535,http://almondkid.modoo.at
271,한국관광협회중앙회,관광호텔업,5성,2025-07-14,경북,힐튼호텔,330,경상북도 경주시 보문로 484-7,054-745-7788,http://www.hiltongyeongju.co.kr
272,한국관광협회중앙회,관광호텔업,3성,2025-07-11,인천,(주)조양 호텔소프라,148,인천광역시 서구 서곶로301번길 21,032-568-8700,http://www.hotelsopra.com
273,한국관광협회중앙회,관광호텔업,5성,2025-07-11,인천,쉐라톤그랜드인천호텔,321,인천광역시 연수구 컨벤시아대로 153,032-835-1002,https://www.marriott.com/ko/hotels/selgi-sheraton-grand-incheon-hotel/overview/
274,한국관광협회중앙회,관광호텔업,1성,2025-07-10,서울,호텔케이월드,54,서울특별시광진구동일로90,02-465-1141,https://hotelkworld.modoo.at
275,한국관광협회중앙회,관광호텔업,4성,2025-07-10,경기,롤링힐스 호텔,228,경기도 화성시 남양읍 시청로 290,031-268-1000,http://www.rollinghills.co.kr
276,한국관광협회중앙회,관광호텔업,4성,2025-07-09,경북,코모도호텔 경주,276,경상북도 경주시 보문로 422,054-740-8350,http://www.commodorehotel.co.kr/
277,한국관광협회중앙회,관광호텔업,3성,2025-07-08,전북,베스트웨스턴 군산호텔,181,전북특별자치도 군산시 새만금북로 435,063-469-1234,www.gunsanhotel.co.kr
278,한국관광협회중앙회,관광호텔업,3성,2025-07-04,서울,호텔 토마스 명동,123,서울특별시중구세종대로16길26,02-777-9500,https://hotelthomas.co.kr/
279,한국관광협회중앙회,관광호텔업,1성,2025-07-01,경기,제이스 관광호텔,44,경기 화성시 팔탄면 버들로1597번길 28,031-859-8991,월문제이스호텔
280,한국관광협회중앙회,관광호텔업,2성,2025-06-30,부산,그랜드베른호텔,60,부산광역시 영도구 해양로 38,05-1404-1300,www.grandbernhotel.com
281,한국관광협회중앙회,관광호텔업,2성,2025-06-30,경남,바이브호텔 김해장유점,38,경남 김해시 번화1로56번길 25,055-724-2533,https://new.smartplace.naver.com/bizes/place/9794496bookingBusinessId=1129816
282,한국관광협회중앙회,관광호텔업,4성,2025-06-26,서울,(주)호텔롯데 L7홍대,340,서울특별시 마포구 양화로 141,02-2289-1000,https://www.lottehotel.com/hongdae-l7/ko.html
283,한국관광협회중앙회,관광호텔업,5성,2025-06-21,대전,주식회사 신세계센트럴 호텔 오노마,171,대전광역시 유성구 엑스포로 1,042-259-8007,https://www.marriott.co.kr/CJJAK
284,한국관광협회중앙회,관광호텔업,2성,2025-06-19,경남,남해스포츠파크호텔,86,경상남도 남해군 서면 스포츠파크길 73,055-862-7900,없음
285,한국관광협회중앙회,관광호텔업,3성,2025-06-19,전남,신안비치 관광호텔,128,전라남도목포시해안로2,061-243-3399,http://www.shinanbeachhotel.com
286,한국관광협회중앙회,관광호텔업,3성,2025-06-18,서울,더리버사이드호텔,109,서울특별시서초구강남대로107길6,02-6710-1100,http://www.riversidehotel.co.kr/intro/intro.php
287,한국관광협회중앙회,관광호텔업,4성,2025-06-18,강원,드래곤밸리 호텔,195,강원특별자치도 평창군 대관령면 올림픽로 715,033-330-7111,http://www.yongpyong.co.kr
288,한국관광협회중앙회,소형호텔업,1성,2025-06-17,서울,오월호텔,28,서울특별시 강남구 언주로85길 27,02-557-5001,http://owallhotel.com
289,한국관광협회중앙회,관광호텔업,3성,2025-06-16,대구,퀸벨호텔,62,대구광역시동구동촌로200,053-282-1000,http://www.queenvell.com
290,한국관광협회중앙회,소형호텔업,2성,2025-06-13,전북,전주한옥마을호텔,24,전북특별자치도 전주시 완산구 전주천서로 45,063-232-7778,https://hoteljjhanokvillage.com/
291,한국관광협회중앙회,가족호텔업,3성,2025-06-13,경남,CLUB E· S(클럽이에스)통영리조트,106,경상남도 통영시 산양읍 척포길 628-113,055-644-0096,https://www.clubes.co.kr/
292,한국관광협회중앙회,관광호텔업,5성,2025-06-12,서울,(주)서부티엔디 노보텔 앰배서더 서울 용산,621,서울특별시 용산구 청파로20길 95,02-2223-7522,https://sdc-club.com
293,한국관광협회중앙회,관광호텔업,2성,2025-06-11,부산,호텔 오션뷰,30,부산광역시 수영구 광안해변로278번길 42,051-755-2777,없음
294,한국관광협회중앙회,가족호텔업,2성,2025-06-11,충남,말리오션스파,47,충청남도 태안군 소원면 만리포1길 95,041-675-3877,없음
295,한국관광협회중앙회,관광호텔업,4성,2025-05-31,서울,(주)조선호텔앤리조트 포포인츠 조선 서울역,342,서울특별시 용산구 한강대로 366,02-6070-7021,https://www.josunhotel.com/intro.do
296,한국관광협회중앙회,관광호텔업,5성,2025-05-30,서울,SK 네트웍스 (주) 워커힐-그랜드 워커힐,539,서울특별시 광진구 워커힐로 177,02-450-4646,http://www.walkerhill.co.kr
297,한국관광협회중앙회,관광호텔업,3성,2025-05-23,서울,호텔 그레이스리 서울,336,서울특별시 중구 세종대로12길 12,02-6936-0100,https://graceryseoul.com/
298,한국관광협회중앙회,소형호텔업,1성,2025-05-22,경북,라우스데오,29,경상북도 포항시 북구 장량로127번길 6,054-255-6000,없음
299,한국관광협회중앙회,소형호텔업,1성,2025-05-22,경남,오션스파호텔,27,경상남도 고성군 고성읍 신월로 60,055-673-7781,https://blog.naver.com/oceanspa2019
300,한국관광협회중앙회,관광호텔업,2성,2025-05-20,인천,주식회사 구월호텔론도인천문화예술회관,54,인천광역시 남동구 인하로507번길 50,032-472-9540,https://booking.naver.com/booking/3/bizes/1294096
301,한국관광협회중앙회,관광호텔업,5성,2025-05-20,강원,씨마크호텔,150,강원특별자치도 강릉시 해안로406번길 2,033-650-7000,http://www.seamarqhotel.com
302,한국관광협회중앙회,관광호텔업,5성,2025-05-19,서울, SK 네트웍스 (주) 워커힐 - 비스타 워커힐,244,서울특별시 광진구 워커힐로 177,02-1670-0005,https://www.walkerhill.com/
303,한국관광협회중앙회,관광호텔업,2성,2025-05-16,인천,천천호텔,48,인천광역시 중구 월미로 221,032-777-4509,https://place-site.yanolja.com/places/10060959checkinDate=2025-02-24&checkoutDate=2025-02-25&capacityAdult=2&capacityChild=0
304,한국관광협회중앙회,관광호텔업,2성,2025-05-16,울산,온더웨이브호텔,30,울산광역시 울주군 서생면 간절곶해안길 37,052-237-1127,http://www.온더웨이브호텔.com
305,한국관광협회중앙회,한국전통호텔업,2성,2025-05-16,인천,연화문호텔을왕,44,인천광역시 중구 용유서로304번길 12,033-752-8968,http://yeanhwamoonhotel.co.kr/
306,한국관광협회중앙회,소형호텔업,1성,2025-05-16,서울,부티크 호텔 XYM,29,서울특별시 송파구 송이로 104,02-409-5919,없음
307,한국관광협회중앙회,관광호텔업,2성,2025-05-13,대전,컨티뉴호텔,51,대전 서구 월평로 53-9,없음,없음
308,한국관광협회중앙회,가족호텔업,5성,2025-05-13,서울,반얀트리클럽앤스파서울,50,서울특별시 중구 장충단로 60,02-2250-8000,http://www.banyantreeclub.com/kr/
309,한국관광협회중앙회,관광호텔업,3성,2025-05-12,경기,호텔아르떼,54,경기도 수원시 팔달구 인계로108번길 37,031-8067-6600,http://www.hotelarte.co.kr
310,한국관광협회중앙회,관광호텔업,2성,2025-05-08,서울,누베르 서울호텔,69,서울특별시 용산구 우사단로14길 11,02-795-8128,https://nouvelleseoul.modoo.at/
311,한국관광협회중앙회,관광호텔업,2성,2025-05-08,대구,호텔골든캐프,54,대구광역시 동구 율암로 156-28,053-965-9000,없음
312,한국관광협회중앙회,관광호텔업,3성,2025-05-07,전남,폰타나비치관광호텔,67,전라남도 목포시 평화로 69,061-288-7000,없음
313,한국관광협회중앙회,관광호텔업,5성,2025-05-02,대구,호텔인터불고 대구,325,대구광역시 수성구 팔현길 212,053-602-7107,http://www.hotel-interburgo-daegu.com/
314,한국관광협회중앙회,관광호텔업,2성,2025-04-30,서울,호텔더디자이너스프리미어성수&건대,100,서울특별시 광진구 동일로 172,02-463-5678,http://designers-1lleven.com/
315,한국관광협회중앙회,관광호텔업,2성,2025-04-30,전남,파인힐스 관광호텔,36,전라남도 순천시 주암면 송광사길 99,061-750-9200,https://www.pinehills.co.kr/pinehills/
316,한국관광협회중앙회,관광호텔업,4성,2025-04-30,전남,해남126 오시아노 호텔,120,전라남도 해남군 화원면 시아로 576-33,061-534-3000,http://www.haenam126.com
317,한국관광협회중앙회,관광호텔업,3성,2025-04-29,서울,호텔 더 디자이너스 리즈 강남 프리미어,171,서울특별시 강남구 봉은사로 113,02-567-4000,http://www.designersgangnam.com/view/viewLink.dopage=homepage/KOR/index/index
318,한국관광협회중앙회,관광호텔업,3성,2025-04-29,서울,호텔 크레센도 서울,107,서울특별시 강남구 봉은사로 428,02-6230-8800,https://www.hotelcrescendo.co.kr/
319,한국관광협회중앙회,관광호텔업,1성,2025-04-28,충북,제천관광호텔,45,충청북도 제천시 의병대로13길 10,043-651-8000,없음
320,한국관광협회중앙회,관광호텔업,4성,2025-04-25,경북,스탠포드호텔안동 주식회사,150,경상북도 안동시 풍천면 도청대로 400,054-288-5300,https://www.stanford-hotel.com/andong
321,한국관광협회중앙회,가족호텔업,2성,2025-04-25,경남,거제 돔 관광호텔,55,경상남도 거제시 일운면 거제대로 2372,055-682-2522,http://domehotel@daum.net
322,한국관광협회중앙회,관광호텔업,3성,2025-04-22,부산,부산비즈니스호텔,233,부산광역시 부산진구 부전로 67,051-808-2000,http://www.busanbusinesshotel.com
323,한국관광협회중앙회,관광호텔업,4성,2025-04-18,서울,머큐어 서울 마곡,400,서울특별시 강서구 마곡중앙로 143,02-2261-6000,https://www.homehmc.com/ko/mercure-seoul-magok/
324,한국관광협회중앙회,가족호텔업,4성,2025-04-18,전북,소노벨 변산,504,전북특별자치도 부안군 변산면 변산해변로 51,063-580-8722,https://www.sonohotelsresorts.com/belle_bs
325,한국관광협회중앙회,관광호텔업,3성,2025-04-11,광주,씨에스호텔,94,광주광역시 서구 상무평화로 128,061-363-3300,http://cshotel.kr
326,한국관광협회중앙회,관광호텔업,3성,2025-04-07,강원,브리드 바이 마티에,31,강원특별자치도 양양군 현남면 인구항길 17,033-942-5500,브리드 바이 마티에
327,한국관광협회중앙회,관광호텔업,2성,2025-04-04,부산,루이스해밀턴호텔,50,부산광역시 강서구 범방3로29번길 6,051-660-6900,http://www.bestlouishamilton.kr
328,한국관광협회중앙회,관광호텔업,2성,2025-04-04,부산,에이치에비뉴호텔 송정점,47,부산광역시 해운대구 송정해변로 36-3,051-704-3003,없음
329,한국관광협회중앙회,관광호텔업,2성,2025-04-02,서울,메이븐호텔,31,서울특별시 서대문구 연세로2가길 4,070-4111-0811,없음
330,한국관광협회중앙회,관광호텔업,3성,2025-04-02,경북,코모도호텔포항송도,50,경상북도 포항시 남구 송도로 71,054-241-1400,http://www.commodorepohang.co.kr
331,한국관광협회중앙회,관광호텔업,2성,2025-03-31,경북,베니키아호텔포항,80,경상북도 포항시 남구 중앙로 128,054-282-2700,http://www.pohanghotel.com
332,한국관광협회중앙회,관광호텔업,3성,2025-03-31,강원,서울시니어스타워(주)오색그린야드호텔,155,강원특별자치도 양양군 서면 대청봉길 34,033-670-1000,http://www.greenyardhotel.com
333,한국관광협회중앙회,관광호텔업,3성,2025-03-31,전북,주식회사오헤브데이호텔,77,전라북도 남원시 운봉읍 바래봉길 193,063-636-8000,http://ohevday.com/index.html
334,한국관광협회중앙회,관광호텔업,2성,2025-03-29,경기,라센느호텔,52,경기도 평택시 도일유통길 13-27,031-8029-5458,https://blog.naver.com/lascenehotel
335,한국관광협회중앙회,관광호텔업,5성,2025-03-28,대구,대구 메리어트 호텔,190,대구광역시 동구 동부로26길 6,053-327-7000,없음
336,한국관광협회중앙회,소형호텔업,1성,2025-03-27,서울,메리제인 호텔,29,서울특별시 송파구 송파대로20길 6,02-408-9230,없음
337,한국관광협회중앙회,관광호텔업,2성,2025-03-26,전남,hs관광호텔,57,전라남도 여수시 오동도로 74,061-662-9996,http://www.hs-hotel.co.kr/page.phpp=room05
338,한국관광협회중앙회,가족호텔업,3성,2025-03-26,경남,산청한방가족호텔(주),108,경상남도 산청군 금서면 동의보감로479번길 43,055-972-7000,http://www..thesancheong.com
339,한국관광협회중앙회,가족호텔업,5성,2025-03-26,서울,호텔 오크우드 프리미어,281,서울특별시 강남구 테헤란로87길 46,02-3466-7000,https://www.homehmc.com/
340,한국관광협회중앙회,가족호텔업,5성,2025-03-26,경남,롯데호텔앤리조트 김해,250,경상남도 김해시 장유로 505,055-725-1000,https://www.lotteresort.com/gimhae/ko/about
341,한국관광협회중앙회,관광호텔업,4성,2025-03-25,경기,나인트리 바이 파르나스 서울 판교,315,경기도 성남시 수정구 창업로 18,031-5178-5099,https://www.ninetreehotels.com/nth5/
342,한국관광협회중앙회,관광호텔업,4성,2025-03-24,경기,AC호텔 바이 메리어트 서울금정,191,경기도 군포시 군포로 697,031-460-0900,https://www.marriott.com/selga
343,한국관광협회중앙회,관광호텔업,2성,2025-03-21,서울,코너호텔,39,서울특별시 송파구 송파대로 385,02-417-9351,없음
344,한국관광협회중앙회,관광호텔업,1성,2025-03-18,전북,탑클라우드호텔익산,71,전북특별자치도 익산시 인북로 10,063-853-7171,없음
345,한국관광협회중앙회,관광호텔업,3성,2025-03-17,대구,더 아르코 호텔,49,대구광역시 수성구 알파시티1로40길 6,053-791-9000,https://www.instagram.com/thearcohotel/
346,한국관광협회중앙회,관광호텔업,3성,2025-03-17,전남,(주)여수관광레저(호텔더시티),55,전라남도 여수시 좌수영로 641,061-808-8000,http://www.hotelthecity.com
347,한국관광협회중앙회,관광호텔업,2성,2025-03-14,서울,신트라호텔,54,서울특별시 관악구 신림로66길 16,02-877-1925,http://www.sintrahotel.co.kr
348,한국관광협회중앙회,관광호텔업,2성,2025-03-12,강원,미르관광호텔,45,강원특별자치도 속초시 엑스포로 3,033-636-5000,추후 예정
349,한국관광협회중앙회,관광호텔업,3성,2025-03-12,서울,팔팔호텔,100,서울특별시 금천구 시흥대로123길 66,02-868-8881,https://www.88hotel.co.kr/
350,한국관광협회중앙회,관광호텔업,3성,2025-03-12,부산,페어필드 바이 메리어트 부산 송도비치호텔,179,부산광역시 서구 송도해변로 113,051-260-0000,https://www.marriott.com/en-us/hotels/pusfb-fairfield-busan-songdo-beach/overview/
351,한국관광협회중앙회,가족호텔업,2성,2025-03-12,충남,베이브리즈,32,충청남도 태안군 소원면 만리포2길 235-9,041-675-9551,없음
352,한국관광협회중앙회,관광호텔업,2성,2025-03-10,부산,골드스톤호텔,36,부산광역시 동구 중앙대로179번길 9,051-467-7001,없음
353,한국관광협회중앙회,관광호텔업,3성,2025-03-10,서울,오로시에 관광호텔,45,서울특별시 송파구 오금로11길 21-19,02-2202-5002,http://www.orosie.kr
354,한국관광협회중앙회,관광호텔업,1성,2025-02-28,부산,투헤븐호텔 ,31,부산광역시 수영구 남천바다로33번길 25,051-757-7661,없음
355,한국관광협회중앙회,관광호텔업,1성,2025-02-28,대전,타임터미널 호텔,42,대전광역시 동구 동서대로1683번길 76-7,042-042-6711,없음
356,한국관광협회중앙회,관광호텔업,2성,2025-02-28,경기,호텔씨엘,54,경기도 하남시 대청로22번길 9-9,031-341-1000,없음
357,한국관광협회중앙회,관광호텔업,3성,2025-02-28,부산,메르드로브,33,부산광역시 해운대구 송정광어골로 80,051-759-6093,http://www.merdelaube.com
358,한국관광협회중앙회,관광호텔업,1성,2025-02-27,서울,시안호텔,49,서울특별시 은평구 진흥로 169,02-356-7615,https://place-site.yanolja.com/places/3011862checkinDate=2024-06-25&checkoutDate=2024-06-26&capacityAdult=2&capacityChild=0
359,한국관광협회중앙회,관광호텔업,3성,2025-02-26,부산,호메르스호텔(주),152,부산광역시 수영구 광안해변로 217,051-750-8000,http://www.homershotel.com
360,한국관광협회중앙회,관광호텔업,3성,2025-02-25,인천,제이앤파크호텔,80,인천광역시 중구 용유서로 262-15,032-752-9892,http://www.jnparkhotel.co.kr/
361,한국관광협회중앙회,가족호텔업,4성,2025-02-25,강원,소노캄 호텔 델피노,84,강원특별자치도 고성군 토성면 미시령옛길 1153,033-639-8442,https://www.sonohotelsresorts.com/complex_dp
362,한국관광협회중앙회,관광호텔업,2성,2025-02-24,전남,베니키아호텔여수,50,전라남도 여수시 시청서6길 19,061-662-0001,http://admin@benikeahotel.co.kr
363,한국관광협회중앙회,관광호텔업,4성,2025-02-24,서울,(주)호텔롯데 L7강남,333,서울특별시 강남구 테헤란로 415,02-2011-1000,https://www.lottehotel.com/gangnam-l7/ko.html
364,한국관광협회중앙회,관광호텔업,4성,2025-02-24,전남,호텔JCS여수,151,전라남도 여수시 돌산읍 돌산로 3169-14,061-643-5000,http://www.hoteljcs.com
365,한국관광협회중앙회,관광호텔업,2성,2025-02-20,부산,선트리호텔,33,부산광역시 해운대구 달맞이길 209,051-742-0021,http://www.suntree.co.kr
366,한국관광협회중앙회,관광호텔업,3성,2025-02-20,부산,더쿨리스트호텔,53,부산광역시 해운대구 송정광어골로 11,051-703-3121,없음
367,한국관광협회중앙회,관광호텔업,3성,2025-02-20,전북,이비스 스타일 앰배서더 호텔,81,전북특별자치도 전주시 완산구 전주객사4길 74-50,063-249-5000,https://all.accor.com/ssr/app/accor/rates/C2G2/index.ko.shtmlcompositions=1&dateIn=2024-11-09&nights=1&hideHotelDetails=false&hideWDR=false&destination=jeonju-si-jeonbuk-state-south-korea
368,한국관광협회중앙회,관광호텔업,2성,2025-02-17,경남,아모르 관광호텔,52,경상남도 창원시 진해구 명제로472번길 17,055-604-4242,"https://map.naver.com/p/search/%EC%95%84%EB%AA%A8%EB%A5%B4%ED%98%B8%ED%85%94/place/328341734placePath=entry=pll&from=nx&fromNxList=true&searchType=place&c=15.00,0,0,0,dh"
369,한국관광협회중앙회,관광호텔업,4성,2025-02-17,서울,(주)서울가든,372,서울특별시 마포구 마포대로 58,02-710-7111,https://www.seoulgarden.co.kr
370,한국관광협회중앙회,관광호텔업,2성,2025-02-11,전남,더원 호텔,40,전라남도 여수시 국포1로 6,061-651-3000,http://hoteltheone.kr/
371,한국관광협회중앙회,관광호텔업,3성,2025-02-11,경기,호텔에스알 스위츠,66,경기도 성남시 분당구 황새울로319번길 9,031-702-6565,http://www.srsuites.com
372,한국관광협회중앙회,관광호텔업,2성,2025-02-10,부산,TRT HOTEL,49,부산광역시 부산진구 부전로 33-1,051-819-8231,http://trthotel.com/
373,한국관광협회중앙회,관광호텔업,3성,2025-02-10,경기,홈즈스테이 수원,242,경기도 수원시 팔달구 인계로 116,031-233-0338,https://homes-stay.com/
374,한국관광협회중앙회,소형호텔업,1성,2025-02-07,부산,브라운도트 호텔,29,부산광역시 수영구 남천바다로33번길 31,051-753-3288,http://m.booking.naver.com/booking/3/bizes/863918area=pll
375,한국관광협회중앙회,관광호텔업,2성,2025-02-06,경남,호텔 라움,35,경상남도 창원시 진해구 가주로 42,055-543-6900,https://booking.naver.com/booking/3/bizes/1027987
376,한국관광협회중앙회,관광호텔업,3성,2025-02-06,서울,(주)서울렉스호텔,108,서울특별시 중구 퇴계로10길 23,02-752-3191,http://www.hotelrex.co.kr
377,한국관광협회중앙회,관광호텔업,2성,2025-02-05,대구,리버틴호텔,53,대구광역시 중구 경상감영길 193,053-269-4000,http://www.rivertain.com
378,한국관광협회중앙회,관광호텔업,3성,2025-02-05,서울,홀리데이 인 익스프레스 서울 홍대,294,서울특별시 마포구 양화로 188,02-768-3000,http://www.hiex-seoulhongdae.com/
379,한국관광협회중앙회,관광호텔업,2성,2025-02-04,서울,서울 호텔 신신,75,서울특별시 중구 남대문로5길 17-5,02-1877-2538,http://www.seoulhotelshinshin.co.kr/homepage/KOR/index/index
380,한국관광협회중앙회,관광호텔업,2성,2025-01-31,경기,호텔갤러리,45,경기도 포천시 소흘읍 죽엽산로 432-17,031-544-8008,http://hgallery.kr/25
381,한국관광협회중앙회,관광호텔업,2성,2025-01-24,인천,씨월드관광호텔,36,인천광역시 중구 용유서로479번길 50-7,032-752-2000,http://www.hotelseaworld.co.kr
382,한국관광협회중앙회,가족호텔업,1성,2025-01-24,경남,씨앤스카이호텔,44,경상남도 거제시 일운면 와현1길 23-7,055-681-8923,http://www.씨앤스카이.com
383,한국관광협회중앙회,가족호텔업,2성,2025-01-24,경남,거제뷰 골프텔,40,경상남도 거제시 거제면 두동로 259-80,055-639-2222,https://www.geojeview.co.kr/
384,한국관광협회중앙회,가족호텔업,5성,2025-01-23,서울,(주)서부티엔디 노보텔 스위트 앰배서더 서울 용산,264,서울특별시 용산구 청파로20길 95,02-2223-7000,http://www.seouldragoncity.com
385,한국관광협회중앙회,관광호텔업,2성,2025-01-21,경남,노마드호텔,46,경상남도 김해시 인제로91번길 5,055-326-7700,http://www.nomadhotel.co.kr
386,한국관광협회중앙회,소형호텔업,1성,2025-01-13,경남,거제 선셋한옥&오션리조트,20,경상남도 거제시 하청면 연하해안로 1076-1,055-637-0055,http://sunset-ps.com/
387,한국관광협회중앙회,관광호텔업,2성,2025-01-08,서울,쟈딘호텔,36,서울특별시 영등포구 영신로34길 33,02-2069-0468,https://ebooking.ctrip.com/
388,한국관광협회중앙회,관광호텔업,2성,2025-01-08,인천,더글램호텔,71,인천광역시 남동구 선수촌공원로23번길 19,032-467-3422,없음
389,한국관광협회중앙회,관광호텔업,4성,2025-01-07,서울,코트야드 메리어트 서울 보타닉파크,261,서울특별시 강서구 마곡중앙12로 10,02-6946-7000,https://www.marriott.com/ko/hotels/selcs-courtyard-seoul-botanic-park/overview/
390,한국관광협회중앙회,관광호텔업,4성,2025-01-06,경남,그랜드 머큐어 앰배서더 창원,321,경상남도 창원시 성산구 원이대로 332,055-600-0700,http://grandmercurechangwon.com/
391,한국관광협회중앙회,관광호텔업,2성,2025-01-03,경남,웰니스호텔 인산가,43,경상남도 함양군 함양읍 삼봉로 292-90,055-963-9585,http://www.wellnesshotel.co.kr
392,한국관광협회중앙회,관광호텔업,3성,2025-01-03,경기,호텔 더 메이,125,경기도 남양주시 별내2로 70,031-551-8700,http://www.hotelthemay.com
393,한국관광협회중앙회,관광호텔업,3성,2025-01-02,경기,어반부띠크호텔,80,경기도 안양시 동안구 흥안대로 497,031-421-0000,http://www.urbanhotel.co.kr
394,한국관광협회중앙회,관광호텔업,3성,2025-01-02,경북,호텔덕구온천,95,경상북도 울진군 북면 덕구온천로 924,054-782-0677,없음
395,한국관광협회중앙회,소형호텔업,3성,2025-01-02,인천,(주)선재해림풀빌라,20,인천광역시 옹진군 영흥면 선재로226번길 107-34,032-880-1688,http://www.sj-haelim.com
396,한국관광협회중앙회,관광호텔업,4성,2024-12-28,서울,스탠포드호텔코리아(주) 스탠포드호텔서울,239,서울특별시 마포구 월드컵북로58길 15,02-6016-0001,http://www.stanfordseoul.com/
397,한국관광협회중앙회,관광호텔업,2성,2024-12-27,충북,리버호텔,65,충청북도 충주시 애향로 35,043-851-2235,없음
398,한국관광협회중앙회,관광호텔업,3성,2024-12-27,부산,대명화성주식회사 호텔아쿠아펠리스지점,110,부산광역시 수영구 광안해변로 225,051-790-2300,http://www.aquapalace.co.kr/
399,한국관광협회중앙회,관광호텔업,4성,2024-12-27,서울,(주)조선호텔앤리조트 레스케이프,204,서울특별시 중구 퇴계로 67,02-317-4000,https://www.lescapehotel.com/
400,한국관광협회중앙회,가족호텔업,4성,2024-12-27,서울,디에스디엘(주) 프레이저 플레이스 센트럴 서울,269,서울특별시 중구 통일로 78,02-2098-0510,https://fpcs.co.kr/
401,한국관광협회중앙회,관광호텔업,1성,2024-12-24,서울,호텔 감,37,서울특별시 강동구 천호대로159길 22-36,02-474-7775,없음
402,한국관광협회중앙회,관광호텔업,1성,2024-12-24,인천,옐로마린호텔,30,인천광역시 중구 월미로234번길 10,032-765-7142,https://bymarinehotel.com
403,한국관광협회중앙회,관광호텔업,1성,2024-12-24,울산,오션힐호텔,33,울산광역시 동구 해수욕장7길 15,052-251-5789,없음
404,한국관광협회중앙회,관광호텔업,3성,2024-12-23,부산,티티호텔 구포,163,부산광역시 북구 낙동대로 1684,051-343-5518,http://www.hoteltt.co.kr
405,한국관광협회중앙회,관광호텔업,4성,2024-12-22,경북,더케이호텔경주,278,경상북도 경주시 엑스포로 45,054-745-8100,없음
406,한국관광협회중앙회,관광호텔업,2성,2024-12-20,인천,호텔시애틀 인천공항점,43,인천광역시 중구 신도시남로150번길 8,032-752-1170,https://hotelseattle.modoo.at/
407,한국관광협회중앙회,관광호텔업,4성,2024-12-20,서울,보코 언 아이에이치지 호텔,576,서울특별시 중구 퇴계로 52,02-6923-6700,https://www.ihg.com/voco/hotels/kr/ko/seoul/selvo/hoteldetail
408,한국관광협회중앙회,관광호텔업,5성,2024-12-20,서울,앰배서더서울풀만호텔,0,서울특별시 중구 동호로 287,02-2270-3107,https://www.ambatel.com/theambassador/seoul/ko/main.do
409,한국관광협회중앙회,관광호텔업,4성,2024-12-18,서울,신라스테이 서초,305,서울특별시 서초구 효령로 427,02-2219-9000,https://www.shillastay.com/seocho/index.do
410,한국관광협회중앙회,관광호텔업,2성,2024-12-17,서울,호텔 DM,90,서울특별시 종로구 난계로29길 73,02-2236-3144,http://www.hotel-dm.com
411,한국관광협회중앙회,관광호텔업,3성,2024-12-17,서울,(주)호텔롯데 롯데시티호텔 김포공항,197,서울특별시 강서구 하늘길 38,02-6116-1000,https://www.lottehotel.com/gimpo-city/ko.html
412,한국관광협회중앙회,가족호텔업,5성,2024-12-17,서울,(주)서부티엔디 그랜드 머큐어 앰배서더 서울 용산,201,서울특별시 용산구 청파로20길 95,02-2223-7000,http://www.sdc-club.com
413,한국관광협회중앙회,관광호텔업,2성,2024-12-16,서울,호텔더디자이너스건대,75,서울특별시 광진구 천호대로 521,02-466-7851,http://hotelthedesignerskd.modoo.at
414,한국관광협회중앙회,관광호텔업,3성,2024-12-16,서울,호텔파크하비오 ,472,서울특별시 송파구 송파대로 111,02-6925-2900,http://www.hotelparkhabio.co.kr/
415,한국관광협회중앙회,관광호텔업,5성,2024-12-16,부산,(주)부산롯데호텔,650,부산광역시 부산진구 가야대로 772,051-810-5603,http://www.lottehotel.com/busan-hotel/ko.html
416,한국관광협회중앙회,관광호텔업,5성,2024-12-16,경북,라한호텔 경주,430,경상북도 경주시 보문로 338,054-779-7602,http://www.lahanhotels.com
417,한국관광협회중앙회,관광호텔업,1성,2024-12-10,경북,케이호텔,31,경상북도 경주시 천북면 천강로 295-68,054-748-6000,없음
418,한국관광협회중앙회,관광호텔업,5성,2024-12-10,부산,아난티 앳 부산 코브,310,부산광역시 기장군 기장읍 기장해안로 268-32,051-509-1111,http://ananti.kr
419,한국관광협회중앙회,관광호텔업,5성,2024-12-10,인천,네스트 호텔,370,인천광역시 중구 영종해안남로 19-5,032-743-9000,https://www.nesthotel.co.kr
420,한국관광협회중앙회,관광호텔업,2성,2024-12-09,부산,H-Avenue 광안리점,30,부산광역시 수영구 민락수변로 29,051-753-1340,https://havenuehotel.com/
421,한국관광협회중앙회,관광호텔업,5성,2024-12-08,서울,(주)조선호텔앤리조트 조선팰리스강남,254,서울특별시 강남구 테헤란로 231,02-727-7200,https://josunhotel.com/hotel/JosunPalace.do
422,한국관광협회중앙회,관광호텔업,2성,2024-12-05,강원,속초관광호텔 베리트,40,강원특별자치도 속초시 교동로1길 10,033-633-5000,https://hotelberith.modoo.at/
423,한국관광협회중앙회,관광호텔업,4성,2024-12-05,광주,홀리데이 인 광주 호텔,203,광주광역시 서구 상무누리로 55,062-610-7000,http://higwangju.com
424,한국관광협회중앙회,관광호텔업,4성,2024-12-04,경기,블룸비스타호텔앤컨퍼런스 주식회사,290,경기도 양평군 강하면 강남로 316,031-770-8888,https://www.bloomvista.co.kr/
425,한국관광협회중앙회,관광호텔업,2성,2024-12-03,울산,호텔 여우비,105,울산광역시 남구 산업로647번길 14,052-267-7777,http://www.yeoubihotel.com/kor/index.do
426,한국관광협회중앙회,관광호텔업,1성,2024-11-28,서울,써클호텔,40,서울특별시 마포구 양화로 15,02-338-0018,http://www.circlehotel.kr
427,한국관광협회중앙회,관광호텔업,1성,2024-11-28,인천,하운드호텔 서구청점,47,인천광역시 서구 서곶로301번길 28,032-564-3833,
428,한국관광협회중앙회,관광호텔업,2성,2024-11-28,서울,호텔 브릿지,83,서울특별시 영등포구 영등포로 9,02-2629-1300,http://hotelbridge.co.kr
429,한국관광협회중앙회,관광호텔업,2성,2024-11-28,경남,통영엔쵸비관광호텔,43,경상남도 통영시 동호로 56,055-642-6000,http://www.anchovyhotel.com
430,한국관광협회중앙회,관광호텔업,5성,2024-11-27,서울,(주)호텔신라,464,서울특별시 중구 동호로 249,02-2233-3131,https://www.shilla.net/seoul/index.do
431,한국관광협회중앙회,관광호텔업,3성,2024-11-26,서울,호텔 페이토 삼성,163,서울특별시 강남구 테헤란로87길 9,02-6936-9700,http://www.peytohotel.com
432,한국관광협회중앙회,관광호텔업,4성,2024-11-26,대구,(주)대구그랜드호텔,150,대구광역시 수성구 동대구로 305,053-742-0001,http://www.daegugrand.co.kr/
433,한국관광협회중앙회,관광호텔업,1성,2024-11-25,부산,런더너호텔 광안점,45,부산광역시 수영구 민락본동로 12-4,051-755-0055,http://www.hotellondoner.com
434,한국관광협회중앙회,가족호텔업,3성,2024-11-22,경남,호텔스테이온,63,경상남도 거제시 장평1로9길 21-4,055-922-1700,없음
435,한국관광협회중앙회,관광호텔업,3성,2024-11-21,서울,더 그랜드호텔 명동,50,서울특별시 중구 명동8가길 38,02-777-7900,http://www.thegrandhotel.co.kr
436,한국관광협회중앙회,관광호텔업,3성,2024-11-21,부산,소노문 해운대,235,부산광역시 해운대구 해운대해변로237번길 12,051-772-7001,https://www.sonohotelsresorts.com/moon_hd
437,한국관광협회중앙회,관광호텔업,3성,2024-11-19,전북,호텔은파팰리스,65,전북특별자치도 군산시 은파순환길 20,063-467-7000,https://h-eunpapalace.com/
438,한국관광협회중앙회,관광호텔업,2성,2024-11-18,부산,하운드호텔 기장일광점,53,부산광역시 기장군 일광읍 해송3로 2,051-723-3322,https://houndig.modoo.at/
439,한국관광협회중앙회,관광호텔업,4성,2024-11-18,부산,(주)호텔롯데 L7해운대,383,부산광역시 해운대구 해운대로570번길 55,055-771-1000,https://www.lottehotel.com/haeundae-l7/ko.html
440,한국관광협회중앙회,관광호텔업,2성,2024-11-14,서울,티제이관광호텔,45,서울특별시 강서구 남부순환로 196,02-6738-2351,없음
441,한국관광협회중앙회,관광호텔업,2성,2024-11-14,경기,로얄관광호텔,45,경기도 평택시 팽성읍 안정로21번길 31,031-691-9290,없음
442,한국관광협회중앙회,관광호텔업,2성,2024-11-12,대구,노블스테이,51,대구광역시 중구 국채보상로123길 23,053-421-5007,http://www.hotelnoblestay.com/
443,한국관광협회중앙회,관광호텔업,2성,2024-11-11,경기,심포니 관광호텔,64,경기도 수원시 영통구 반달로128번길 13,031-206-2106,http://www.amourhotel.com
444,한국관광협회중앙회,관광호텔업,2성,2024-11-11,경기,아모르관광호텔,64,경기도 수원시 영통구 반달로128번길 9,031-206-0943,http://www.amourhotel.com
445,한국관광협회중앙회,관광호텔업,2성,2024-11-11,경기,골든힐 관광호텔,80,경기도 파주시 탄현면 성동로 36-30,031-942-0222,http://www.goldenhillhotel.co.kr/index.php
446,한국관광협회중앙회,관광호텔업,2성,2024-11-08,서울,호텔 드어반,46,서울특별시 강서구 곰달래로24길 35,02-2602-6393,없음
447,한국관광협회중앙회,관광호텔업,3성,2024-11-05,강원,더홍씨호텔 강릉,45,강원특별자치도 강릉시 교동광장로100번길 8,033-641-8011,http://thehongc.kr/
448,한국관광협회중앙회,소형호텔업,2성,2024-11-05,부산,오션투헤븐,26,부산광역시 수영구 광안해변로278번길 42,051-761-3001,없음
449,한국관광협회중앙회,관광호텔업,5성,2024-11-03,서울,몬드리안 서울 이태원 ,295,서울특별시 용산구 장문로 23,02-2076-2000,https://all.accor.com/hotel/B771/index.ko.shtml
450,한국관광협회중앙회,관광호텔업,2성,2024-10-29,강원,호텔이스트나인,52,강원특별자치도 강릉시 교동광장로100번길 8-6,033-642-3200,http://hoteleast9.com
451,한국관광협회중앙회,관광호텔업,4성,2024-10-28,울산,타니베이관광호텔 주식회사,147,울산광역시 동구 해수욕장5길 43,052-201-8000,https://tanibayhotel.co.kr/index.php
452,한국관광협회중앙회,관광호텔업,4성,2024-10-28,경기,라마다프라자호텔수원,287,경기도 수원시 팔달구 중부대로 150,031-230-0001,http://www.ramadaplazasuwon.com
453,한국관광협회중앙회,관광호텔업,2성,2024-10-24,경기,소설스미스 호텔,34,경기도 용인시 기흥구 민속촌로 57,031-693-8412,없음
454,한국관광협회중앙회,관광호텔업,1성,2024-10-23,서울,호텔부티크나인,86,서울특별시 광진구 천호대로 560,02-456-1261,http://kdboutique9.jalib.site/room.htmlmenu_no=5415&room_no=2183
455,한국관광협회중앙회,관광호텔업,2성,2024-10-23,충남,(주)호텔로씨오,52,충청남도 당진시 송악읍 한진포구길 30-38,041-355-3100,http://hotelrocio.kr
456,한국관광협회중앙회,소형호텔업,2성,2024-10-22,경기,씨하이호텔,29,경기도 시흥시 오이도로135번길 72,031-319-0078,http://www.hotelseahi.com
457,한국관광협회중앙회,소형호텔업,1성,2024-10-21,강원,더샵,28,강원도 속초시 장사항해안길 21,033-632-7688,https://thesharpps.com
458,한국관광협회중앙회,관광호텔업,2성,2024-10-17,서울,씨엘관광호텔,49,서울특별시 영등포구 영신로32길 8,02-2679-7708,없음
459,한국관광협회중앙회,관광호텔업,2성,2024-10-17,부산,(주)라메르관광호텔,49,부산광역시 동구 조방로34번길 9,051-634-3001,http://lamerhotel.co.kr/
460,한국관광협회중앙회,관광호텔업,2성,2024-10-17,경북,노블리온호텔,42,경상북도 포항시 남구 희망대로659번길 20,054-272-0009,없음
461,한국관광협회중앙회,관광호텔업,2성,2024-10-11,전남,유캐슬호텔,86,전라남도 여수시 소라면 안심산길 155,061-808-5000,http://www.ucastlehotel.co.kr/
462,한국관광협회중앙회,관광호텔업,3성,2024-10-11,충남,온양제일호텔,141,충청남도 아산시 온천대로 1462,041-547-2500,http://www.cheilhotel.co.kr
463,한국관광협회중앙회,가족호텔업,1성,2024-10-11,경기,호텔잇츠더블유,46,경기도 수원시 팔달구 고화로13번길 23,031-245-1989,없음
464,한국관광협회중앙회,관광호텔업,3성,2024-10-10,서울,베이튼호텔,160,서울특별시 중구 동호로 346,02-2269-2550,http://www.baitonhotel.co.kr/homepage/KOR/index/index
465,한국관광협회중앙회,관광호텔업,3성,2024-10-10,서울,호텔 엔트라,92,서울특별시 강남구 도산대로 508,02-500-1531,http://www.entrahotel.com
466,한국관광협회중앙회,관광호텔업,3성,2024-10-10,서울,호텔미드시티명동,140,서울특별시 중구 다동길 30,02-3788-5888,https://www.midcity.co.kr/view/index.do
467,한국관광협회중앙회,관광호텔업,2성,2024-10-08,서울,호텔 드씨엘,60,서울특별시 중랑구 동일로 866,02-975-9380,없음
468,한국관광협회중앙회,관광호텔업,2성,2024-10-08,전남,거문도섬호텔,30,전라남도 여수시 삼산면 거문도등대길 54,061-665-6700,https://www.geomundohotel.co.kr/index.html
469,한국관광협회중앙회,관광호텔업,2성,2024-10-08,경남,바이브호텔 마산 합성점,36,경상남도 창원시 마산회원구 합성옛길 160,055-713-1700,없음
470,한국관광협회중앙회,관광호텔업,4성,2024-10-08,전남,벨메르 바이 한화호텔앤드리조트,100,전라남도 여수시 웅천남4로 17,061-924-1500,https://www.hanwharesort.co.kr/irsweb/resort3/netIndex_.doutm_source=naver_bs&utm_campaign=main&utm_content=mainpage
471,한국관광협회중앙회,관광호텔업,2성,2024-10-07,서울,셀립 여의,133,서울특별시 영등포구 영등포로 389,02-841-3890,http://celib.kr
472,한국관광협회중앙회,관광호텔업,2성,2024-10-07,인천,호텔뉴캐슬,56,인천광역시 부평구 장제로91번길 16,032-526-0961,http//www.hotelnewcastle.modoo.at
473,한국관광협회중앙회,가족호텔업,5성,2024-10-07,인천,오크우드 프리미어 인천 호텔,423,인천광역시 연수구 컨벤시아대로 165,032-726-2000,https://oakwoodpremier.co.kr/
474,한국관광협회중앙회,관광호텔업,3성,2024-10-04,서울,트레블로지 명동 남산,173,서울특별시 중구 수표로 16,02-6470-5000,https://bit.ly/TravelodgeMyeongdongNamsan
475,한국관광협회중앙회,관광호텔업,1성,2024-10-02,대구,칸호텔,44,대구광역시 달성군 구지면 달성2차동1로 141,053-263-0777,http://www.khanhotel.net/
476,한국관광협회중앙회,관광호텔업,3성,2024-10-02,서울,클라벤 호텔 명동 시티홀(舊트레블로지 명동 시티홀호텔),129,서울특별시 중구 세종대로16길 22,02-6362-6000,http://www.travelodgemyeongdongcityhall.com/
477,한국관광협회중앙회,관광호텔업,2성,2024-09-27,서울,글루호텔,53,서울특별시 종로구 율곡로 228,02-2024-8400,http://www.gluehotel.com
478,한국관광협회중앙회,소형호텔업,3성,2024-09-26,인천,스토너리,20,인천광역시 강화군 내가면 강화서로 91-5,032-933-9900,https://stonery.kr/
479,한국관광협회중앙회,관광호텔업,2성,2024-09-25,전남,진송관광호텔,45,전라남도 장흥군 장흥읍 동교2길 1,061-864-7775,http://jinsonghotel.modoo.at
480,한국관광협회중앙회,관광호텔업,1성,2024-09-24,서울,해담채 스테이,51,서울특별시 강서구 곰달래로 70-1,070-4632-3500,없음
481,한국관광협회중앙회,관광호텔업,3성,2024-09-24,서울,스테이비호텔 명동,97,서울특별시 중구 충무로 23-1,02-2277-6300,없음
482,한국관광협회중앙회,관광호텔업,3성,2024-09-24,울산,호텔 굿모닝,75,울산광역시 동구 바드래1길 15,052-251-3000,없음
483,한국관광협회중앙회,관광호텔업,3성,2024-09-24,충남,신라스테이 천안,305,충청남도 천안시 서북구 동서대로 177,041-415-9000,https://www.shillastay.com/cheonan/index.dolang=ko
484,한국관광협회중앙회,관광호텔업,3성,2024-09-24,경남,(주)스카이뷰관광호텔,94,경상남도 창원시 마산합포구 해안대로 317,055-248-2700,https://www.skyviewhotel.kr/
485,한국관광협회중앙회,관광호텔업,4성,2024-09-24,서울,알로프트 서울 명동 호텔,223,서울특별시 중구 남대문로 56,02-2084-1000,https://www.marriott.com/ko/hotels/selmo-aloft-seoul-myeongdong/overview/
486,한국관광협회중앙회,관광호텔업,4성,2024-09-19,경기,(주)조선호텔앤리조트 그래비티서울판교,306,경기도 성남시 분당구 판교역로146번길 2,031-539-4800,https://www.marriott.com/en-us/hotels/selay-gravity-seoul-pangyo-autograph-collection/overview/
487,한국관광협회중앙회,관광호텔업,2성,2024-09-11,경기,리젠시호텔,56,경기도 성남시 분당구 황새울로 352,031-706-7400,http://www.regencyhotel.co.kr
488,한국관광협회중앙회,관광호텔업,2성,2024-09-10,경기,파인관광호텔,35,경기도 용인시 기흥구 삼성2로96번길 29-49,031-8015-0404,없음
489,한국관광협회중앙회,관광호텔업,4성,2024-09-10,강원,롯데리조트 속초,173,강원특별자치도 속초시 대포항길 186,033-634-1000,https://www.lotteresort.com/main/ko/index
490,한국관광협회중앙회,관광호텔업,2성,2024-09-06,서울,컬리넌호텔구로,68,서울특별시 구로구 시흥대로 533,02-853-9116,없음
491,한국관광협회중앙회,관광호텔업,4성,2024-09-06,전북,호텔티롤,118,전북특별자치도 무주군 설천면 만선로 185,063-320-7617,없음
492,한국관광협회중앙회,가족호텔업,3성,2024-09-04,경남,라피스호텔,53,경상남도 남해군 창선면 서부로 1503-16,055-867-1111,http://www.lapishotel.co.kr
493,한국관광협회중앙회,관광호텔업,2성,2024-09-03,경기,호텔야자 위례점,35,경기도 성남시 수정구 위례광장로 9-10,031-759-0508,https://wiryeyaja.modoo.at/
494,한국관광협회중앙회,관광호텔업,2성,2024-08-29,서울,벨라지오 관광호텔,52,서울특별시 은평구 진흥로 205,02-354-0990,https://place-site.yanolja.com/places/10057622
495,한국관광협회중앙회,관광호텔업,2성,2024-08-27,대구,팔공산온천관광호텔,36,대구광역시 동구 팔공산로185길 11,053-985-8080,http://www.palgongspa.co.kr
496,한국관광협회중앙회,관광호텔업,2성,2024-08-23,인천,호텔 진,64,인천광역시 남동구 남동대로777번길 36,032-432-7023,http://www.makeus.net/31398
497,한국관광협회중앙회,관광호텔업,5성,2024-08-23,서울,(주)동승 JW메리어트 동대문 스퀘어 서울,170,서울특별시 종로구 청계천로 279,02-2276-3000,http://www.jwmarriottddm.com
498,한국관광협회중앙회,관광호텔업,3성,2024-08-21,서울,골든씨티호텔,116,서울특별시 동대문구 천호대로 377,02-3394-9601,http://www.goldencityhotel.co.kr
499,한국관광협회중앙회,관광호텔업,1성,2024-08-20,경기,벨라지오 호텔,54,경기도 시흥시 연성로13번길 4,031-404-7744,리뉴얼중
500,한국관광협회중앙회,관광호텔업,2성,2024-08-16,경남,센트럴관광호텔주식회사,37,경상남도 통영시 광도면 춘원2로 49-20,055-643-7001,http://www.benikeacentral.co.kr
501,한국관광협회중앙회,관광호텔업,2성,2024-08-16,경남,아르누보스위트호텔,65,경상남도 거제시 장평1로 13,055-731-1234,http://HOTEL1212.COM
502,한국관광협회중앙회,관광호텔업,5성,2024-08-16,서울,그랜드 인터컨티넨탈 서울 파르나스,550,서울특별시 강남구 테헤란로 521,02-555-5656,https://seoul.intercontinental.com/grandicparnas
503,한국관광협회중앙회,관광호텔업,2성,2024-08-14,전북,호텔한성,40,전북특별자치도 전주시 완산구 전주객사5길 43-3,063-288-0014,http://www.instagram.com/hansung1949
504,한국관광협회중앙회,관광호텔업,3성,2024-08-08,서울,더프리마호텔 종로,155,서울특별시 종로구 우정국로 46,02-6105-9114,https://www.theprimahoteljongno.co.kr/kor/main/
505,한국관광협회중앙회,관광호텔업,4성,2024-08-08,부산,아바니센트럴부산,281,부산광역시 남구 전포대로 133,051-791-5800,https://www.avanihotels.com/ko/central-busan
506,한국관광협회중앙회,관광호텔업,2성,2024-08-05,서울,DH 네상스 호텔,36,서울특별시 성북구 동소문로20나길 39,02-921-2080,http://dhnaissance.com
507,한국관광협회중앙회,관광호텔업,2성,2024-08-05,경기,주식회사 샹그릴라 서원관광호텔,49,경기도 안산시 상록구 서암로 8,031-407-1111,없음
508,한국관광협회중앙회,관광호텔업,4성,2024-08-05,서울,오라카이대학로호텔,232,서울특별시 종로구 율곡로 180,02-6353-7700,https://dh.orakaihotels.com/kr/default.asp
509,한국관광협회중앙회,관광호텔업,5성,2024-08-05,서울,페어몬트 앰배서더 서울,308,서울특별시 영등포구 여의대로 108,02-3395-6000,http://www.fairmont.co.kr/seoul
510,한국관광협회중앙회,관광호텔업,2성,2024-08-02,경남,진해인터시티호텔,33,경상남도 창원시 진해구 충장로 98,055-546-7718,https://www.intercityhotel.co.kr
511,한국관광협회중앙회,관광호텔업,2성,2024-07-31,서울,호텔루 136,51,서울특별시 은평구 진흥로 136,02-386-0300,http://www.hotelru.kr
512,한국관광협회중앙회,관광호텔업,3성,2024-07-31,대구,제이비관광호텔,57,대구광역시 동구 율암로 162,053-964-2000,http://www.제이비호텔.com
513,한국관광협회중앙회,관광호텔업,4성,2024-07-31,서울,포 포인츠 바이 쉐라톤 조선 명동,375,서울특별시 중구 삼일대로10길 36,02-6070-7021,https://www.josunhotel.com/hotel/fpbsMyeongdong.do
514,한국관광협회중앙회,관광호텔업,2성,2024-07-29,서울,호텔도마,45,서울특별시 중구 퇴계로 216,02-2273-9603,http://doma.kgrandhotel.co.kr
515,한국관광협회중앙회,관광호텔업,4성,2024-07-25,충남,베니키아호텔서산,194,충청남도 서산시 안견로 465,041-661-3500,https://seosanbenikea.com/
516,한국관광협회중앙회,관광호텔업,2성,2024-07-23,경기,밀로스 관광호텔,72,경기도 의왕시 오봉산단3로 16,031-461-7071,없음
517,한국관광협회중앙회,관광호텔업,3성,2024-07-23,강원,동해현진관광호텔(주),82,강원특별자치도 동해시 동굴로 125-3,033-539-2000,http://www.dhhjhotel.co.kr
518,한국관광협회중앙회,관광호텔업,1성,2024-07-22,충북,더마크관광호텔,56,충청북도 청주시 흥덕구 가로수로1164번길 41-34,043-238-3344,http://www.themarkhotel.co.kr/
519,한국관광협회중앙회,관광호텔업,2성,2024-07-22,강원,호텔 덕영,37,강원특별자치도 원주시 양지로 56,033-743-5553,없음
520,한국관광협회중앙회,관광호텔업,5성,2024-07-22,대구,(주)인터불고엑스코,304,대구광역시 북구 유통단지로 80,053-380-0406,http://ibhotel.com
521,한국관광협회중앙회,관광호텔업,3성,2024-07-19,강원,뉴동해관광호텔,63,강원특별자치도 동해시 평릉길 1,033-533-9215,http://www.hotelnd.com/
522,한국관광협회중앙회,관광호텔업,4성,2024-07-16,전북,(주)교원프라퍼티 스위트호텔남원,59,전북특별자치도 남원시 주천면 원천로 217,063-630-7100,없음
523,한국관광협회중앙회,관광호텔업,5성,2024-07-16,서울,플라자호텔,306,서울특별시 중구 소공로 119,02-771-2200,https://www.hoteltheplaza.com/kr/
524,한국관광협회중앙회,관광호텔업,5성,2024-07-16,서울,호텔롯데,1015,서울특별시 중구 을지로 30,02-771-1000,https://www.lottehotel.com/global/ko.html
525,한국관광협회중앙회,관광호텔업,3성,2024-07-14,서울,롯데시티호텔 구로,287,서울특별시 구로구 디지털로 300,02-6210-1000,https://www.lottehotel.com/guro-city/ko.html
526,한국관광협회중앙회,관광호텔업,4성,2024-07-14,강원,쏠비치 호텔 삼척,217,강원특별자치도 삼척시 수로부인길 453,033-803-7965,https://www.sonohotelsresorts.com/sb/sc/
527,한국관광협회중앙회,관광호텔업,4성,2024-07-07,서울,코트야드 바이 메리어트 서울 타임스퀘어,283,서울특별시 영등포구 영중로 15,02-2638-3000,https://www.marriott.com/selcy
528,한국관광협회중앙회,관광호텔업,5성,2024-07-07,서울,호텔롯데 롯데호텔월드,477,서울특별시 송파구 올림픽로 240,02-419-7000,https://www.lottehotel.com/world-hotel/ko.html
529,한국관광협회중앙회,관광호텔업,2성,2024-07-04,인천,호텔 반월,76,인천광역시 남동구 선수촌공원로17번길 6,032-460-7000,없음
530,한국관광협회중앙회,관광호텔업,2성,2024-07-04,경기,앙비떼 관광호텔,49,경기도 용인시 기흥구 신정로 212,031-286-7800,http://hotelinviter.com
531,한국관광협회중앙회,관광호텔업,4성,2024-07-04,대전,㈜호텔롯데 롯데시티호텔대전,306,대전광역시 유성구 엑스포로123번길 33,042-333-1000,https://www.lottehotel.com
532,한국관광협회중앙회,소형호텔업,2성,2024-07-04,경기,웨스트레이븐호텔,21,경기도 시흥시 옥터로 3,031-499-7733,http://www.westravenoidohotel.co.kr
533,한국관광협회중앙회,관광호텔업,2성,2024-07-02,서울,호텔소설,52,서울특별시 서초구 반포대로14길 53,02-507-0505,https://www.snowhotel.co.kr/
534,한국관광협회중앙회,관광호텔업,2성,2024-06-28,서울,WD호텔,108,서울특별시 관악구 신림로 349,02-6746-8001,http://www.hotelwd.com
535,한국관광협회중앙회,관광호텔업,2성,2024-06-28,서울,칼튼관광호텔,64,서울특별시 강서구 화곡로 354-10,02-2604-9229,없음
536,한국관광협회중앙회,관광호텔업,3성,2024-06-28,경남,에비뉴관광호텔,67,경상남도 창원시 성산구 용지로169번길 5,055-263-7200,http://www.hotelavenue.co.kr
537,한국관광협회중앙회,소형호텔업,2성,2024-06-28,경기,호텔더베이21,29,경기도 시흥시 오이도로 123-1,031-499-4310,http://thebay21hotel.co.kr/
538,한국관광협회중앙회,관광호텔업,1성,2024-06-27,서울,호텔 더 디자이너스 디디피,84,서울특별시 중구 퇴계로 293,02-2285-5401,없음
539,한국관광협회중앙회,관광호텔업,2성,2024-06-27,서울,호텔 부티크나인,92,서울특별시 동대문구 왕산로 28,02-925-0720,http://ddmboutique9.jalib.site/
540,한국관광협회중앙회,관광호텔업,2성,2024-06-27,부산,브라운도트호텔 해운대점,45,부산광역시 해운대구 구남로24번길 16,051-746-5600,없음
541,한국관광협회중앙회,관광호텔업,2성,2024-06-27,경기,로자벨호텔,47,경기도 안산시 단원구 원곡공원로 1,031-491-0205,없음
542,한국관광협회중앙회,관광호텔업,3성,2024-06-27,서울,크리에이터타운 서교,296,서울특별시 마포구 월드컵북로5길 41,02-332-8601,https://localstitch.town
543,한국관광협회중앙회,관광호텔업,2성,2024-06-25,서울,K2지점,45,서울특별시 관악구 신림로64길 29,02-886-5800,없음
544,한국관광협회중앙회,관광호텔업,2성,2024-06-25,경남,밀양관광호텔,32,경상남도 밀양시 가곡7길 5-1,055-356-3882,없음
545,한국관광협회중앙회,관광호텔업,3성,2024-06-25,서울,G2호텔,126,서울특별시 중구 수표로 24,02-2277-9700,http://www.g2hotel.co.kr
546,한국관광협회중앙회,관광호텔업,2성,2024-06-24,부산,더클럽호텔,50,부산광역시 기장군 기장읍 연화길 78,051-722-1111,https://theclubhotel-y.com
547,한국관광협회중앙회,관광호텔업,2성,2024-06-24,강원,어라연 관광호텔,41,강원특별자치도 영월군 영월읍 은행나무길 22,033-247-6000,제작중
548,한국관광협회중앙회,관광호텔업,3성,2024-06-24,서울,G3호텔,197,서울특별시 중구 충무로 7,02-2277-9800,http://www.g3hotel.co.kr/
549,한국관광협회중앙회,관광호텔업,3성,2024-06-24,충북,(주)인터투어 단양관광호텔,77,충청북도 단양군 단양읍 삼봉로 31,043-423-7070,http://www.danyanghotel.com
550,한국관광협회중앙회,관광호텔업,3성,2024-06-24,경남,호텔 파인 그로브,66,경상남도 김해시 번화1로67번길 20,055-310-1100,http://홈페이지 http://pinegrovehotel.co.kr
551,한국관광협회중앙회,관광호텔업,4성,2024-06-24,대전,호텔인터시티,216,대전광역시 유성구 온천로 92,042-600-6000,https://www.hotelinterciti.com
552,한국관광협회중앙회,관광호텔업,3성,2024-06-20,경남,주식회사 호텔아리나,78,경상남도 밀양시 삼문강변로 82,055-350-7000,http://www.hotelarina.com/
553,한국관광협회중앙회,관광호텔업,4성,2024-06-20,부산,신라스테이 해운대,407,부산광역시 해운대구 해운대로570번길 46,051-912-9000,https://www.shillastay.com/haeundae/index.dolang=ko
554,한국관광협회중앙회,소형호텔업,2성,2024-06-20,부산,이제 부산,21,부산광역시 기장군 기장읍 연화길 70,051-723-2225,http://ije.co.kr/busan/
555,한국관광협회중앙회,관광호텔업,3성,2024-06-17,서울,골드리버 관광호텔,109,서울특별시 금천구 서부샛길 584,02-6021-8100,https://www.goldriverhotel.co.kr/
556,한국관광협회중앙회,관광호텔업,4성,2024-06-17,전남,쏠비치 호텔 진도,98,전라남도 진도군 의신면 송군길 30-40,061-899-7000,없음
557,한국관광협회중앙회,소형호텔업,2성,2024-06-17,경남,브릿지호텔,21,경상남도 통영시 용남면 남해안대로 18,055-649-3800,http://www.bridgehotel.net
558,한국관광협회중앙회,가족호텔업,1성,2024-06-17,경남,라베르호텔,43,경상남도 통영시 도남로 257-21,055-646-8807,http://라베르호텔.kr
559,한국관광협회중앙회,가족호텔업,2성,2024-06-17,경남,HOTEL GA JO,31,경상남도 거창군 가조면 온천길 108-11,055-944-0112,없음
560,한국관광협회중앙회,관광호텔업,3성,2024-06-13,서울,엠디호텔 독산,258,서울특별시 금천구 시흥대로 315,02-2096-4000,http://www.mdhoteldoksan.com
561,한국관광협회중앙회,관광호텔업,2성,2024-06-11,강원,양구KCP호텔,48,강원특별자치도 양구군 양구읍 파로호로 993-19,033-482-7700,없음
562,한국관광협회중앙회,관광호텔업,2성,2024-06-11,경남,호텔 상상,30,경상남도 거제시 일운면 거제대로 2752,055-682-5252,http://www.hotelsangsang.com
563,한국관광협회중앙회,관광호텔업,2성,2024-06-11,경남,남일대리조트 호텔,59,경상남도 사천시 남일대길 70,055-832-9800,http://www.namiltte.co.kr
564,한국관광협회중앙회,관광호텔업,4성,2024-06-11,전남,주식회사 히든베이호텔,131,전라남도 여수시 신월로 496-25,061-680-3000,https://www.hiddenbay.co.kr/
565,한국관광협회중앙회,관광호텔업,4성,2024-06-11,경남,스탠포드호텔앤리조트 주식회사,144,경상남도 통영시 도남로 347,055-725-0073,http://stanfordtongyeong.com
566,한국관광협회중앙회,관광호텔업,2성,2024-06-10,서울,호텔더디자이너스동대문,99,서울특별시 중구 퇴계로 306,02-2271-3501,http://www.designershotel.co.kr
567,한국관광협회중앙회,관광호텔업,3성,2024-06-08,부산,호텔 센트럴베이,134,부산광역시 수영구 광안해변로 189,051-982-9700,http://www.centralbay.co.kr
568,한국관광협회중앙회,관광호텔업,4성,2024-06-08,강원,쏠비치호텔양양,214,강원특별자치도 양양군 손양면 선사유적로 678,033-670-3622,https://www.sonohotelsresorts.com/sb/yy/
569,한국관광협회중앙회,관광호텔업,2성,2024-06-07,서울,호텔 더 캐슬(방이1),63,서울특별시 송파구 올림픽로32길 7,02-412-2600,http://hotel-thecastle.com
570,한국관광협회중앙회,관광호텔업,2성,2024-06-05,경북,샵앤플랫호텔,30,경상북도 경주시 감포읍 동해안로 2626,054-777-2211,http://naver.me/Gpf0GBq0
571,한국관광협회중앙회,관광호텔업,2성,2024-06-03,서울,바고관광호텔,42,서울특별시 강동구 천중로 27,02-478-2575,"https://map.naver.com/p/entry/place/1825760208lng=127.1250933&lat=37.545786&placePath=%2Fhome&entry=plt&searchType=place&c=15.00,0,0,0,dh"
572,한국관광협회중앙회,관광호텔업,2성,2024-05-27,서울,호텔 더 디자이너스 홍대,80,서울특별시 마포구 양화로 86,02-326-5801,http://www.thedesignershotel.com/we/index.html
573,한국관광협회중앙회,관광호텔업,5성,2024-05-27,강원,이랜드파크 켄싱턴호텔 평창,248,강원도 평창군 진부면 진고개로 231,033-330-5000,http://www.kensington.co.kr/hpc
574,한국관광협회중앙회,관광호텔업,2성,2024-05-23,서울,호텔 소울하다,46,서울특별시 강남구 테헤란로10길 5,02-3288-1100,없음
575,한국관광협회중앙회,관광호텔업,4성,2024-05-22,인천,홀리데이인인천송도호텔,202,인천광역시 연수구 인천타워대로 251,032-250-0000,http://holidayinnincheonsongdo.com
576,한국관광협회중앙회,관광호텔업,2성,2024-05-20,경북,울진그랜드호텔,40,경상북도 울진군 울진읍 현내항길 97,054-781-9901,http://www.uljingrandhotel.com
577,한국관광협회중앙회,관광호텔업,5성,2024-05-20,서울,(주)조선호텔앤리조트,462,서울특별시 중구 소공로 106,02-771-0500,https://josunhotel.com/hotel/westinSeoul.do
578,한국관광협회중앙회,관광호텔업,1성,2024-05-17,인천,MK 프리미어스 호텔,85,인천광역시 중구 월미로260번길 12,032-777-7272,없음
579,한국관광협회중앙회,관광호텔업,1성,2024-05-17,충북,음성관광호텔,30,충청북도 음성군 음성읍 음성로 194,043-873-8882,"http://www, 음성관광호텔.com"
580,한국관광협회중앙회,관광호텔업,2성,2024-05-17,서울,동화킴스관광호텔,51,서울특별시 종로구 평창문화로 136,02-379-0520,http://www.kimshotel.co.kr
581,한국관광협회중앙회,관광호텔업,5성,2024-05-17,부산,(주)조선호텔앤리조트 그랜드조선 부산,330,부산광역시 해운대구 해운대해변로 292,051-922-5000,https://gjb.josunhotel.com/main.do
582,한국관광협회중앙회,가족호텔업,2성,2024-05-13,경남,누와즈컬리넌호텔,55,경상남도 창원시 의창구 북면 천주로1173번길 42,055-252-3377,http://nouagecullinan.com/
583,한국관광협회중앙회,관광호텔업,4성,2024-05-10,서울,호텔 인 나인,152,서울특별시 강남구 영동대로 618,02-311-9000,http://www.hotelin9.com
584,한국관광협회중앙회,관광호텔업,1성,2024-05-09,인천,비욘드호텔,48,인천광역시 서구 서곶로301번길 19,032-568-2225,https://hub.hotelstory.com/aG90ZWxzdG9yeQ/roomsv_Use=MTAwMjU2Ng&v_StartDate=2023-11-04&v_EndDate=2023-11-05&v_AdultNume=2&v_ChildNum=0&v_GuestNum=2
585,한국관광협회중앙회,관광호텔업,1성,2024-05-09,경기,월드관광호텔,81,경기도 화성시 향남읍 발안공단로5길 7-23,031-353-7833,http://ｗｗｗ。ｗｏｒｌｄｔｏｕｒｓｉｔｈｏｔｅｌ。ｃｏｍ
586,한국관광협회중앙회,관광호텔업,2성,2024-05-09,서울,(주)써클관광개발호텔베이204,72,서울특별시 도봉구 도봉로 710,02-955-7400,http://www.hotelbay204.com
587,한국관광협회중앙회,관광호텔업,2성,2024-05-09,경기,호텔 루이스,100,경기도 성남시 중원구 광명로 22-1,031-752-3117,없음
588,한국관광협회중앙회,관광호텔업,2성,2024-05-09,경기,아시아관광호텔,88,경기도 평택시 신장로 33,031-664-2367,https://www.asiahotel.kr
589,한국관광협회중앙회,관광호텔업,3성,2024-05-09,강원, 하이원 팰리스호텔,197,강원특별자치도 정선군 고한읍 고한7길 399,02-1588-7789,https://www.high1.com/hotelncondo/contents.dokey=2049
590,한국관광협회중앙회,관광호텔업,2성,2024-05-08,대구,호텔G,44,대구광역시 달성군 구지면 달성2차동1로 145,053-263-5511,없음
591,한국관광협회중앙회,관광호텔업,2성,2024-05-07,서울,리치웰호텔,57,서울특별시 강남구 테헤란로37길 13-10,02-553-6655,없음
592,한국관광협회중앙회,관광호텔업,2성,2024-05-07,경남,통영갤러리관광호텔,39,경상남도 통영시 도남로 257-27,055-645-3773,http://tyhotel.kr
593,한국관광협회중앙회,관광호텔업,3성,2024-05-07,경남,크라운관광호텔,72,경상남도 창원시 의창구 창원대로363번길 22-5,055-237-1001,https://www.crownhotel.kr/
594,한국관광협회중앙회,관광호텔업,2성,2024-05-03,부산,에어스카이,61,부산광역시 강서구 유통단지1로57번길 2,051-971-0093,http://www.busanairskyhotel.com/
595,한국관광협회중앙회,관광호텔업,2성,2024-05-02,경기,가보호텔,107,경기도 평택시 평택5로76번길 18-10,031-658-7700,없음
596,한국관광협회중앙회,관광호텔업,2성,2024-04-29,대전,나봄호텔 주식회사,75,대전광역시 유성구 테크노중앙로 69,042-936-1500,http://www.nabomresort.com/sandhotel/
597,한국관광협회중앙회,관광호텔업,2성,2024-04-26,충남,공주 관광호텔 INK(잉크),49,충청남도 공주시 전막2길 10-10,041-857-7532,http://www.touristhotelink.com
598,한국관광협회중앙회,관광호텔업,3성,2024-04-25,인천,브릿지호텔 인천송도,241,인천광역시 연수구 컨벤시아대로 233,032-717-0700,http://www.bridgehotelincheonsongdo.com
599,한국관광협회중앙회,관광호텔업,2성,2024-04-24,부산,브라운도트 사직야구장점,61,부산광역시 동래구 사직북로13번길 11,051-971-0511,http://bs-browndot.jalib.site/
600,한국관광협회중앙회,관광호텔업,2성,2024-04-24,경기,삼원프라자호텔,85,경기도 안양시 만안구 장내로139번길 7,031-448-6671,http://samwonhotel.co.kr
601,한국관광협회중앙회,관광호텔업,4성,2024-04-23,전북,더 메이 호텔,51,전북특별자치도 전주시 덕진구 기린대로 800,063-246-5555,http://www.themay.co.kr
602,한국관광협회중앙회,관광호텔업,2성,2024-04-19,대전,더휴식 워커스호텔 대전월평점,52,대전광역시 서구 한밭대로570번길 29-12,042-478-6652,https://workersdaejeon.modoo.at
603,한국관광협회중앙회,관광호텔업,2성,2024-04-19,경기,(주)코아반도체 파주메이트,47,경기도 파주시 탄현면 엘씨디로241번길 39-35,031-945-1029,https://booking.naver.com/booking/3/bizes/597948
604,한국관광협회중앙회,관광호텔업,2성,2024-04-18,경기,로얄프라임호텔,65,경기도 수원시 권선구 금곡로197번길 17-10,031-294-3355,없음
605,한국관광협회중앙회,소형호텔업,2성,2024-04-18,전북,루엘호텔,21,전라북도 전주시 덕진구 기린대로 540,063-252-4498,http://www.luelhotel.com
606,한국관광협회중앙회,가족호텔업,1성,2024-04-18,전남,목포가족관광호텔,47,전라남도 목포시 호남로64번길 28,061-247-8585,없음
607,한국관광협회중앙회,관광호텔업,4성,2024-04-17,서울,퍼시픽호텔,181,서울특별시 중구 퇴계로20길 2,02-777-7811,http://www.thepacifichotel.co.kr
608,한국관광협회중앙회,관광호텔업,3성,2024-04-12,전남,호텔마띠유 여수,43,전라남도 여수시 오동도로 20,061-662-3131,http://matthieuyeosu.com/main.html
609,한국관광협회중앙회,관광호텔업,2성,2024-04-05,경남,리안호텔,32,경상남도 창원시 진해구 명제로 478,055-713-5577,없음
610,한국관광협회중앙회,관광호텔업,2성,2024-04-04,경기,JD관광호텔,71,경기도 남양주시 진접읍 해밀예당1로 50-44,031-571-2266,http://www.jdhotel.co.kr
611,한국관광협회중앙회,관광호텔업,2성,2024-04-04,경북,브라운도트 풍산점,40,경상북도 안동시 풍산읍 풍산태사로 1023-6,054-853-1000,없음
612,한국관광협회중앙회,관광호텔업,3성,2024-04-04,서울,호텔 28,83,서울특별시 중구 명동7길 13,02-774-2828,http://www.hotel28.co.kr
613,한국관광협회중앙회,관광호텔업,3성,2024-04-04,경기,주식회사 더숨디앤씨,83,경기도 용인시 처인구 포곡읍 성산로 633,070-1522-2777,https://hotelthesoom.modoo.at/
614,한국관광협회중앙회,관광호텔업,4성,2024-04-04,서울,신라스테이삼성,309,서울특별시 강남구 영동대로 506,02-2175-9182,없음
615,한국관광협회중앙회,소형호텔업,2성,2024-04-04,강원,델타(Delta) 호텔,26,강원특별자치도 강릉시 창해로 259,033-652-7373,http://www.sunbeachhotel.co.kr
616,한국관광협회중앙회,관광호텔업,2성,2024-03-29,인천,(주)케이앤에스 호텔베이204,91,인천광역시 남동구 인하로507번길 21-1,032-429-0204,http://www.hotelbay204.co.kr
617,한국관광협회중앙회,관광호텔업,2성,2024-03-26,경기,포스타호텔,63,경기도 부천시 석천로531번길 43,032-684-6006,http://fourstar-bucheon.jalib.site/
618,한국관광협회중앙회,관광호텔업,3성,2024-03-26,경기,신라스테이동탄,286,경기도 화성시 노작로 161,031-8036-9101,https://shillastay.com/
619,한국관광협회중앙회,관광호텔업,3성,2024-03-25,전남,파인비치골프호텔,42,전라남도 해남군 화원면 시아로 224,061-530-7700,http:// pinebeachcc@gmail.com
620,한국관광협회중앙회,소형호텔업,1성,2024-03-25,부산,반달호텔,28,부산광역시 중구 해관로 79-1,051-462-8008,없음
621,한국관광협회중앙회,관광호텔업,2성,2024-03-22,경북,영주리치관광호텔,35,경상북도 영주시 대학로 15,054-638-7070,없음
622,한국관광협회중앙회,관광호텔업,3성,2024-03-20,경기,카인드호텔,92,경기도 성남시 분당구 황새울로329번길 10,031-781-0006,http://www.kyndhotel.com
623,한국관광협회중앙회,관광호텔업,3성,2024-03-15,경기,레스트호텔,70,경기도 김포시 태장로795번길 151,031-988-3534,http://gimpo-rest.jalib.site/
624,한국관광협회중앙회,관광호텔업,2성,2024-03-06,서울,호텔 더 캐슬 (신천),68,서울특별시 송파구 올림픽로12길 4-17,02-423-4300,http://www.hotel-thecastle.com/
625,한국관광협회중앙회,관광호텔업,2성,2024-03-06,전남,호텔갤러리,57,전라남도 고흥군 도양읍 녹동신항1길 34,061-842-6300,없음
626,한국관광협회중앙회,관광호텔업,3성,2024-03-06,충남,슈바이처도르프 호텔,51,충청남도 천안시 서북구 성정공원5로 42,041-565-9955,http://www.schweizerdorf.com
627,한국관광협회중앙회,관광호텔업,1성,2024-02-27,전북,전주관광호텔,32,전라북도 전주시 완산구 전주객사5길 44-5,063-288-7100,없음
628,한국관광협회중앙회,관광호텔업,2성,2024-02-26,경기,참빛산업(주)약암홍염천관광호텔,71,경기도 김포시 대곶면 약암로 965-7,031-989-7000,http://www.yakam.co.kr
629,한국관광협회중앙회,가족호텔업,3성,2024-02-15,충북,청풍리조트 힐하우스,50,충청북도 제천시 청풍면 청풍호로 1763,043-640-7000,http:// https://www.cheongpungresort.co.kr
630,한국관광협회중앙회,관광호텔업,2성,2024-02-14,서울,호텔 컬리넌 역삼,54,서울특별시 강남구 언주로87길 11,02-562-3520,http://cullinanhotel.co.kr
631,한국관광협회중앙회,관광호텔업,2성,2024-02-13,전남,더엘관광호텔,35,전라남도 여수시 이순신광장로 135,061-663-0100,http://hotelthel.com/
632,한국관광협회중앙회,관광호텔업,2성,2024-02-07,인천,호텔더원,67,인천광역시 서구 탁옥로51번길 13-9,032-562-0511,http://www.sghotel.kr
633,한국관광협회중앙회,관광호텔업,4성,2024-02-07,충남,호텔쏠레르,100,충청남도 보령시 해수욕장8길 28,041-934-1111,http://www.hotelsolaire.co.kr
634,한국관광협회중앙회,관광호텔업,4성,2024-02-07,전남,신라스테이 여수,315,전라남도 여수시 수정3길 8,061-924-5300,https://www.shillastay.com/yeosu/index.do
635,한국관광협회중앙회,관광호텔업,1성,2024-02-01,대구,백송온천관광호텔,30,대구광역시 군위군 부계면 한티로 2244,054-382-1400,http://www.bshotel.co.kr
636,한국관광협회중앙회,관광호텔업,3성,2024-02-01,인천,호텔 ORA,84,인천광역시 중구 공항서로 345,032-752-8080,https://www.hotelora.co.kr/ko/
637,한국관광협회중앙회,관광호텔업,5성,2024-01-23,부산,윈덤그랜드부산,271,부산광역시 서구 등대로 27,051-993-3000,http://www.wyndhamgrandbusan.com/landing/
638,한국관광협회중앙회,관광호텔업,2성,2024-01-19,부산,광안 하운드 호텔,49,부산광역시 수영구 남천바다로33번길 12,051-755-0072,없음
639,한국관광협회중앙회,관광호텔업,2성,2024-01-17,서울,루미아호텔,61,서울특별시 종로구 난계로29길 19-11,02-2235-1301,없음
640,한국관광협회중앙회,관광호텔업,3성,2024-01-17,인천,호텔원티드,91,인천광역시 서구 북항로32번길 20,032-585-8900,http://www.hotelwanted.co.kr
641,한국관광협회중앙회,관광호텔업,2성,2024-01-16,경남,통영한산마리나호텔&리조트,31,경상남도 통영시 산양읍 삼칭이해안길 820,055-648-3332,http://www.hansanmarina.co.kr/
642,한국관광협회중앙회,가족호텔업,2성,2024-01-16,경남,도야거제가족호텔,50,경상남도 거제시 일운면 거제대로 2244,055-681-5877,http://www.doyahotel.co.kr
643,한국관광협회중앙회,관광호텔업,2성,2024-01-08,서울,바티카호텔,52,서울특별시 종로구 청계천로 341,02-741-7080,https://vaticahotel1.modoo.at/
644,한국관광협회중앙회,관광호텔업,2성,2024-01-08,경기,호텔 더윈,80,경기도 고양시 덕양구 원흥3로 6-14,031-966-0033,없음
645,한국관광협회중앙회,관광호텔업,3성,2024-01-08,경기,고려관광호텔,127,경기도 부천시 길주로412번길 66,032-329-0001,없음
646,한국관광협회중앙회,관광호텔업,3성,2024-01-05,광주,ACC DESIGN 호텔,76,광주광역시 동구 금남로 226-11,062-234-8000,http://acchotel.kr/
647,한국관광협회중앙회,가족호텔업,2성,2024-01-05,전남,샤인호텔,48,전라남도 순천시 남신월길 2,061-906-1400,http://shinehotel.co.kr/
648,한국관광협회중앙회,관광호텔업,1성,2024-01-04,충북,주식회사 에코더블유 이든포레호텔,36,충청북도 충주시 앙성면 가곡로 1500,043-855-8877,https://booking.vendit.co.kr/%EC%B6%A9%EC%A3%BC%20%EC%9D%B4%EB%93%A0%ED%8F%AC%EB%A0%88%20%ED%98%B8%ED%85%94
649,한국관광협회중앙회,관광호텔업,2성,2024-01-04,인천,파크우드관광호텔,56,인천광역시 중구 마시란로 34,032-752-8282,http://www.parkwood.co.kr
650,한국관광협회중앙회,관광호텔업,2성,2024-01-04,인천,더프린스호텔,41,인천광역시 중구 을왕로58번길 5,032-746-7008,http://theprincehotel.co.kr/
651,한국관광협회중앙회,관광호텔업,2성,2024-01-04,경남,사곡 B&B HOTEL,32,경상남도 거제시 사등면 모래실길 58-81,055-637-5678,없음
652,한국관광협회중앙회,소형호텔업,2성,2024-01-04,경기,데이지 호텔,26,경기도 양평군 용문면 경강로 2742,031-771-6714,https://ypdaisy.modoo.at/
653,한국관광협회중앙회,소형호텔업,3성,2024-01-04,경기,호텔 마에스트로,25,경기도 안성시 양성면 안성맞춤대로 2134-36,031-8046-1111,http://www.maestrocc.co.kr
654,한국관광협회중앙회,가족호텔업,4성,2024-01-04,서울,오라카이 인사동 스위츠,213,서울특별시 종로구 인사동4길 18,02-6262-8888,https://www.orakaihotels.com
655,한국관광협회중앙회,관광호텔업,2성,2024-01-03,경기,메이트 호텔,62,경기도 성남시 분당구 황새울로335번길 7,031-705-5111,없음
656,한국관광협회중앙회,관광호텔업,3성,2024-01-03,서울,컴포트인여의도,71,서울특별시 영등포구 국회대로72길 7,02-783-2233,http://www.comfortinnyeouido.co.kr
657,한국관광협회중앙회,관광호텔업,4성,2024-01-03,서울,아미드호텔,250,서울특별시 종로구 인사동5길 38,02-731-1000,http://amidhotel.com
658,한국관광협회중앙회,관광호텔업,5성,2024-01-03,인천,인스파이어 엔터테인먼트 리조트,1275,인천광역시 중구 공항문화로 127,032-580-9000,http://www.inspirekorea.com
659,한국관광협회중앙회,관광호텔업,3성,2023-12-29,대구,(주)에이더블유 호텔,54,대구광역시 달서구 성서로 413,053-589-6700,http://www.awhotel.co.kr
660,한국관광협회중앙회,관광호텔업,5성,2023-12-29,부산,아난티 앳 부산 빌라쥬,114,부산광역시 기장군 기장읍 기장해안로 267-7,051-662-7100,없음
661,한국관광협회중앙회,관광호텔업,1성,2023-12-28,인천,아마레 관광호텔,67,인천광역시 계양구 장제로730번길 14,032-541-2222,http://www.hotel-amare.com
662,한국관광협회중앙회,관광호텔업,2성,2023-12-28,대구,앙코르호텔,72,대구광역시 동구 이노밸리로 7,053-241-2233,없음
663,한국관광협회중앙회,관광호텔업,3성,2023-12-28,서울,호텔 유리앤,175,서울특별시 강남구 삼성로96길 20,02-500-2300,http://www.uri_nhotel.com
664,한국관광협회중앙회,관광호텔업,4성,2023-12-28,경기,코트야드 메리어트 수원,288,경기도 수원시 영통구 광교호수공원로 320,031-267-5601,https://www.marriott.com/ko/hotels/selcw-courtyard-suwon/overview/
665,한국관광협회중앙회,한국전통호텔업,2성,2023-12-28,전북,나비잠 한옥호텔,20,전라북도 전주시 완산구 팔달로 150-17,063-287-8877,http://www.nbz-hanokhotel.com
666,한국관광협회중앙회,관광호텔업,1성,2023-12-27,인천,썬플라워호텔,50,인천광역시 미추홀구 주안중로 22-1,032-429-8228,없음
667,한국관광협회중앙회,관광호텔업,2성,2023-12-27,대구,브라운도트호텔 대구혁신도시점,52,대구광역시 동구 율암로 164,053-213-8081,없음
668,한국관광협회중앙회,관광호텔업,2성,2023-12-26,서울,트리아 관광호텔,50,서울특별시 강남구 테헤란로33길 16,02-553-2471,http://www.hoteltria.co.kr
669,한국관광협회중앙회,관광호텔업,2성,2023-12-22,경기,골드관광호텔,48,경기도 남양주시 별내면 청학로92번길 133,031-841-2121,없음
670,한국관광협회중앙회,관광호텔업,3성,2023-12-22,충북,일라이트호텔,102,충청북도 영동군 영동읍 영동힐링로 159,043-740-0000,http://illitegolfnresort.co.kr
671,한국관광협회중앙회,관광호텔업,2성,2023-12-15,서울,렉스관광호텔,41,서울특별시 강남구 강남대로 588,02-511-4488,http://www.lexhotel.co.kr
672,한국관광협회중앙회,관광호텔업,2성,2023-12-15,서울,호텔그라모스,42,서울특별시 강남구 테헤란로33길 6-5,02-569-2121,없음
673,한국관광협회중앙회,관광호텔업,2성,2023-12-15,세종,라고바움호텔,31,세종특별자치시 다솜로 185,044-866-3086,http://hotellagobaum.modoo.at
674,한국관광협회중앙회,관광호텔업,2성,2023-12-15,충북,속리산개발(주) 레이크힐스 호텔속리산,132,충청북도 보은군 속리산면 법주사로 305,043-542-5281,http://www.lakehills.co.kr
675,한국관광협회중앙회,관광호텔업,2성,2023-12-15,충북,한도관광(주),111,충청북도 충주시 수안보면 탑골1길 36,043-846-2331,http://www.suanbopark.co.kr
676,한국관광협회중앙회,관광호텔업,2성,2023-12-15,경남,사천관광호텔 주식회사,57,경상남도 사천시 사천읍 역사길 12,055-854-9000,http://www.sacheonhotel.com/
677,한국관광협회중앙회,가족호텔업,1성,2023-12-15,인천,오션스카이 가족호텔,39,인천광역시 중구 선녀바위로 35,032-751-0408,없음
678,한국관광협회중앙회,관광호텔업,1성,2023-12-13,서울,새턴호텔,30,서울특별시 성동구 자동차시장1길 29,02-2245-3355,https://saturnhotel.modoo.at
679,한국관광협회중앙회,관광호텔업,2성,2023-12-13,서울,에이치 에비뉴 건대점,60,서울특별시 광진구 동일로 156,02-499-8616,없음
680,한국관광협회중앙회,관광호텔업,2성,2023-12-13,서울,라비타호텔,57,서울특별시 강남구 영동대로 712,02-545-0015,https://labita.therealweb.co.kr/
681,한국관광협회중앙회,관광호텔업,3성,2023-12-13,서울,호텔 마누,80,서울특별시 중구 퇴계로 19,02-777-0100,http://www.seoulista.place/
682,한국관광협회중앙회,관광호텔업,3성,2023-12-13,경북,베니키아 스위스로젠 호텔,60,경상북도 경주시 보문로 465-37,054-748-4848,https://www.swissrosen.co.kr/
683,한국관광협회중앙회,관광호텔업,4성,2023-12-12,경기,호텔 푸르미르,239,경기도 화성시 효행로 480,031-8020-0000,http://www.hotelprumie.com
684,한국관광협회중앙회,관광호텔업,2성,2023-12-08,경북,(주)가야호텔,62,경상북도 성주군 수륜면 가야산식물원길 52,054-931-3500,http://www.gayahotel.kr
685,한국관광협회중앙회,관광호텔업,4성,2023-12-08,서울,스위스그랜드호텔서울,396,서울특별시 서대문구 연희로 353,02-3216-5656,http://www.swissgrand.co.kr
686,한국관광협회중앙회,관광호텔업,3성,2023-12-05,서울,(주)메트로호텔,78,서울특별시 중구 명동9가길 14,02-752-1112,http://www.metrohotel.co.kr
687,한국관광협회중앙회,관광호텔업,3성,2023-12-05,경기,주식회사 에덴낙원,72,경기도 이천시 마장면 서이천로 449-79,031-645-9100,http://www.edenparadisehotel.com
688,한국관광협회중앙회,관광호텔업,1성,2023-12-01,서울,SM부티크호텔,34,서울특별시 동대문구 천호대로 291-1,02-2241-8501,http://smbhotel.com
689,한국관광협회중앙회,관광호텔업,2성,2023-11-29,경기,광명 제이에스부티크호텔,88,경기도 광명시 오리로854번길 16-18,02-2619-3001,http://www.gmhotel.co.kr
690,한국관광협회중앙회,관광호텔업,3성,2023-11-29,강원,춘천베어스관광호텔,78,강원도 춘천시 스포츠타운길 376,033-245-4300,https://www.hotelbears.co.kr/
691,한국관광협회중앙회,관광호텔업,1성,2023-11-27,부산,호텔1,52,부산광역시 수영구 광안해변로 203,051-759-1011,http://www.hotel1.me
692,한국관광협회중앙회,관광호텔업,2성,2023-11-27,서울,관광호텔 뜨랑블루,66,서울특별시 관악구 신림동7길 52,02-889-8000,http://trangblue.com
693,한국관광협회중앙회,관광호텔업,3성,2023-11-27,서울,선샤인호텔,109,서울특별시 강남구 도산대로 205,02-548-8222,http://www.hotelsunshine.co.kr/seoul/
694,한국관광협회중앙회,관광호텔업,5성,2023-11-27,서울,파크하얏트서울,185,서울특별시 강남구 테헤란로 606,02-2016-1234,http://www.parkhyattseoul.com
695,한국관광협회중앙회,소형호텔업,2성,2023-11-27,부산,미포오션사이드호텔,28,부산광역시 해운대구 달맞이길62번길 28,051-601-4300,http://www.mipohotel.com
696,한국관광협회중앙회,가족호텔업,1성,2023-11-27,강원,엘케이호텔,33,강원특별자치도 홍천군 홍천읍 남산강변로 55,033-434-8800,없음
697,한국관광협회중앙회,가족호텔업,3성,2023-11-27,전북,모항해나루가족호텔,112,전라북도 부안군 변산면 모항해변길 73,063-580-0800,http://www.haenaruhotel.co.kr/
698,한국관광협회중앙회,관광호텔업,2성,2023-11-21,대전,경하온천호텔,40,대전광역시 유성구 온천로101번길 30,042-822-5656,http://www.khhotel.com
699,한국관광협회중앙회,관광호텔업,2성,2023-11-18,서울,메이커스호텔,42,서울특별시 종로구 돈화문로11길 33,02-747-5000,http://makersxippda.modoo.at
700,한국관광협회중앙회,관광호텔업,2성,2023-11-16,서울,노블관광호텔,34,서울특별시 종로구 율곡로6길 13-3,02-742-4025,http://www.noblehotel.co.kr
701,한국관광협회중앙회,관광호텔업,2성,2023-11-16,부산,에이치애비뉴 호텔 서면역점,43,부산광역시 부산진구 부전로 28,051-815-5050,http://www.h-avenuebudan.com
702,한국관광협회중앙회,관광호텔업,3성,2023-11-16,서울,베스트웨스턴 프리미어강남호텔,128,서울특별시 강남구 봉은사로 139,02-6474-2000,"http://www,bestwesterngangnam.com"
703,한국관광협회중앙회,관광호텔업,3성,2023-11-16,강원,시티호텔,49,강원특별자치도 원주시 건강로 4,033-747-1000,없음
704,한국관광협회중앙회,가족호텔업,2성,2023-11-16,경남,바람의언덕 호텔&리조트,30,경상남도 거제시 남부면 해금강로 132,055-632-6377,http://www.바람의언덕.com
705,한국관광협회중앙회,관광호텔업,2성,2023-11-10,경북,호텔뷰,42,경상북도 포항시 북구 해안로 91,054-256-0055,http://www.pohangview.modoo.at
706,한국관광협회중앙회,관광호텔업,3성,2023-11-08,서울,호텔 페이토,186,서울특별시 서초구 강남대로 259,02-6936-8100,http://www.peytohotel.com
707,한국관광협회중앙회,관광호텔업,3성,2023-11-08,경남,베니키아양산호텔,82,경상남도 양산시 동면 금오10길 51,055-384-0093,http://www.benikeayangsan.co.kr
708,한국관광협회중앙회,관광호텔업,2성,2023-11-07,경기,센트럴퍼슨평택호텔,51,경기도 평택시 서정로 261,031-611-1873,https://naver.me/GbrJPchL
709,한국관광협회중앙회,관광호텔업,3성,2023-11-07,부산,호텔AG405,62,부산광역시 수영구 민락수변로 141,051-757-2500,http://ag405hotel.com/
710,한국관광협회중앙회,관광호텔업,2성,2023-11-06,서울,유원관광호텔,71,서울특별시 서초구 반포대로12길 29,02-585-0561,없음
711,한국관광협회중앙회,관광호텔업,3성,2023-11-06,서울,호텔 지엠에스,158,서울특별시 영등포구 경인로 867,02-882-2000,없음
712,한국관광협회중앙회,관광호텔업,3성,2023-11-06,부산,에이치에비뉴 기장일광점,71,부산광역시 기장군 일광읍 해송4로 3,051-723-7970,https://www.havenuehotel-ig.com/
713,한국관광협회중앙회,소형호텔업,1성,2023-10-31,인천,스텔라마리스호텔,26,인천광역시 중구 반달로3번길 16,032-761-1001,없음
714,한국관광협회중앙회,관광호텔업,1성,2023-10-27,경남,부곡로얄관광호텔,93,경상남도 창녕군 부곡면 온천중앙로 3,055-536-7300,없음
715,한국관광협회중앙회,관광호텔업,2성,2023-10-27,서울,유니언호텔,94,서울특별시 영등포구 양평로 136,02-2675-1214,http://unionhotel.co.kr/
716,한국관광협회중앙회,관광호텔업,3성,2023-10-27,경북,스테이더공단호텔,43,경상북도 구미시 1공단로5길 86-15,054-464-3000,없음
717,한국관광협회중앙회,가족호텔업,5성,2023-10-27,경기,더블트리 바이 힐튼 서울 판교 레지던스,170,경기도 성남시 분당구 백현로 26,031-678-5500,https://doubletree.hilton.co.kr/hotel/seoul/doubletree-by-hilton-seoul-pangyo
718,한국관광협회중앙회,관광호텔업,2성,2023-10-22,부산,제이비디자인호텔,80,부산광역시 해운대구 구남로12번길 31,051-750-9000,http://www.jbdesignhotel.com
719,한국관광협회중앙회,관광호텔업,2성,2023-10-20,서울,베니키아 노블레스호텔,42,서울특별시 강남구 테헤란로25길 6-13,02-558-1202,없음
720,한국관광협회중앙회,관광호텔업,4성,2023-10-20,서울,프레이저플레이스남대문,252,서울특별시 중구 세종대로 58,02-2098-0530,http://www.fpns.co.kr/
721,한국관광협회중앙회,관광호텔업,4성,2023-10-20,경남,거제삼성호텔,166,경상남도 거제시 장평3로 80-37,055-531-2114,https://www.sghotel.co.kr/main.do
722,한국관광협회중앙회,관광호텔업,2성,2023-10-18,경남,호텔 네이처 부산신항점,39,경상남도 창원시 진해구 용원동로221번길 60-7,055-552-8092,http://browndothotel8092@naver.com
723,한국관광협회중앙회,관광호텔업,3성,2023-10-18,서울,도미인 서울 강남,220,서울특별시 강남구 봉은사로 134,02-548-5489,https://www.hotespa.net/hotels/gangnam/ko
724,한국관광협회중앙회,가족호텔업,3성,2023-10-16,충남,천안상록가족호텔,116,충청남도 천안시 동남구 수신면 수신로 576,041-560-9114,https://www.sangnokresort.co.kr/
725,한국관광협회중앙회,관광호텔업,4성,2023-10-13,세종,코트야드 바이 메리어트 세종,281,세종특별자치시 다솜3로 6,044-251-4000,https://www.marriott.co.kr/cjjcy
726,한국관광협회중앙회,관광호텔업,5성,2023-10-12,부산,(주)호텔롯데 시그니엘부산,260,부산광역시 해운대구 달맞이길 30,051-922-1000,https://www.lottehotel.com/busan-signiel/ko.html/
727,한국관광협회중앙회,관광호텔업,2성,2023-10-10,경기,호텔 디,59,경기도 오산시 원동로 5,031-372-7444,https://oshotled.modoo.at
728,한국관광협회중앙회,관광호텔업,2성,2023-10-10,경기,호텔더클래스,72,경기도 이천시 중리천로 126-19,031-637-3325,http://www.hoteltheclass.co.kr
729,한국관광협회중앙회,관광호텔업,2성,2023-10-10,충북,호텔더반,35,충청북도 충주시 대소원면 메가폴리스2로 63,043-910-0911,https://thebanhotel.modoo.at/
730,한국관광협회중앙회,관광호텔업,3성,2023-10-10,서울,호텔 베르누이,421,서울특별시 구로구 경인로 229,02-2683-9000,https://www.bernoui.com
731,한국관광협회중앙회,관광호텔업,3성,2023-10-10,강원,동해보양온천컨벤션호텔,181,강원도 동해시 동해대로 6285,033-530-0700,https://www.msgh.kr/
732,한국관광협회중앙회,관광호텔업,5성,2023-10-10,경기,더블트리 바이 힐튼 서울 판교,432,경기도 성남시 분당구 백현로 26,031-678-5500,https://doubletree.hilton.co.kr/hotel/seoul/doubletree-by-hilton-seoul-pangyo
733,한국관광협회중앙회,가족호텔업,3성,2023-10-10,서울,오리엔스 호텔 앤 레지던스,116,서울특별시 중구 삼일대로2길 50,02-2280-8000,http://www.orienshotel.com
734,한국관광협회중앙회,관광호텔업,3성,2023-09-27,서울,ENA 스위트 호텔,182,서울특별시 중구 세종대로11길 36,02-6020-7000,http://www.enahotel.co.kr
735,한국관광협회중앙회,관광호텔업,2성,2023-09-26,전북,한빛호텔,33,전라북도 전주시 완산구 기린대로 102,063-231-5300,없음
736,한국관광협회중앙회,소형호텔업,1성,2023-09-25,전북,황실한옥관광호텔,20,전라북도 전주시 완산구 은행로 22,063-271-0800,http://www.hwangsilhotel.co.kr
737,한국관광협회중앙회,관광호텔업,4성,2023-09-22,서울,삼정관광호텔,160,서울특별시 강남구 봉은사로 150,02-557-1221,https://samjunghotel.co.kr/
738,한국관광협회중앙회,관광호텔업,4성,2023-09-14,서울,나인트리 프리미어 로카우스호텔 서울 용산,274,서울특별시 용산구 한강대로23길 25,02-6923-8000,http://www.rokaushotel.com
739,한국관광협회중앙회,관광호텔업,2성,2023-09-10,서울,토요코인 서울영등포,372,서울특별시 영등포구 신길로 293,02-6959-1045,https://www.toyoko-inn.com/korea/
740,한국관광협회중앙회,관광호텔업,2성,2023-09-08,서울,헨나호텔서울명동,100,서울특별시 중구 명동8가길 59,070-8057-1131,https://www.hennnahotel.com/seoul.myeongdong/
741,한국관광협회중앙회,관광호텔업,4성,2023-09-08,경기,주식회사 썬밸리,202,경기도 여주시 강변유원지길 45,031-880-3800,https://www.sunvalley.co.kr/hotel/hotel/intro
742,한국관광협회중앙회,가족호텔업,1성,2023-09-07,경기,마루호텔,32,경기도 수원시 팔달구 고화로9번길 33,031-8019-8005,없음
743,한국관광협회중앙회,관광호텔업,1성,2023-08-31,부산,브라운도트 호텔,41,부산광역시 기장군 정관읍 산단1로 98-31,051-728-8100,https://browndotjeonggwan.modoo.at
744,한국관광협회중앙회,관광호텔업,2성,2023-08-28,부산,호텔로다,42,부산광역시 사상구 낙동대로 717,051-314-2220,없음
745,한국관광협회중앙회,관광호텔업,3성,2023-08-23,대전,호텔스카이파크 대전1호점,100,대전광역시 유성구 테크노중앙로 161,042-323-4500,http://www.skyparkhotel.com
746,한국관광협회중앙회,관광호텔업,1성,2023-08-21,서울,발리관광호텔,50,서울특별시 강동구 풍성로 210,02-484-1411,없음
747,한국관광협회중앙회,관광호텔업,2성,2023-08-21,인천,에이치애비뉴,46,인천광역시 서구 바리미로 31,032-567-6567,http://h-avenue.net
748,한국관광협회중앙회,관광호텔업,2성,2023-08-18,부산,더킹호텔,68,부산광역시 연제구 과정로 161,051-752-1999,http://thekinghotel.co.kr
749,한국관광협회중앙회,관광호텔업,2성,2023-08-16,광주,광주관광호텔,72,광주광역시 북구 서하로183번길 56,062-261-7777,http://gwangjuhotel.co.kr/
750,한국관광협회중앙회,관광호텔업,3성,2023-08-16,서울,로사나부띠끄 관광호텔,81,서울특별시 송파구 삼학사로 98,02-2143-3000,없음
751,한국관광협회중앙회,관광호텔업,5성,2023-08-16,서울,시그니엘서울,235,서울특별시 송파구 올림픽로 300,02-3213-1000,http://www.lottehotel.com/seoul-signiel/ko.html
752,한국관광협회중앙회,관광호텔업,3성,2023-08-09,서울,세종호텔,333,서울특별시 중구 퇴계로 145,02-773-6000,https://www.sejong.co.kr
753,한국관광협회중앙회,가족호텔업,2성,2023-08-09,전북,호텔 아라리,46,전라북도 전주시 덕진구 떡전5길 24,063-908-9200,http://www.ararihotel.com
754,한국관광협회중앙회,관광호텔업,1성,2023-08-08,서울,베니키아호텔카카오,44,서울특별시 영등포구 경인로108길 15,02-2678-5190,없음
755,한국관광협회중앙회,관광호텔업,2성,2023-08-08,인천,프레시아관광호텔,40,인천광역시 강화군 길상면 전등사로 41,032-937-6826,http://freshiahotel@naver.com
756,한국관광협회중앙회,관광호텔업,3성,2023-08-08,대구,호텔아리아나,53,대구광역시 수성구 동대구로 27,053-763-9000,없음
757,한국관광협회중앙회,관광호텔업,3성,2023-08-08,경북,센트로 관광호텔,54,경상북도 칠곡군 왜관읍 중앙로 152-3,054-972-2777,http://www.centrohotel.co.kr/
758,한국관광협회중앙회,관광호텔업,4성,2023-08-08,서울,로얄호텔서울,310,서울특별시 중구 명동길 61,02-756-1112,http://www.royal.co.kr
759,한국관광협회중앙회,관광호텔업,2성,2023-08-07,울산,호텔 다움,68,울산광역시 중구 번영로 538,052-297-3701,http://www.hoteldaoom.com
760,한국관광협회중앙회,관광호텔업,3성,2023-08-06,충북,관광호텔 뮤제오,59,충청북도 청주시 흥덕구 가로수로1164번길 41-20,043-267-3200,https://www.hotelmuseo.co.kr
761,한국관광협회중앙회,관광호텔업,2성,2023-08-03,서울,주식회사 딜라이트 호텔,71,서울특별시 송파구 오금로11길 21-9,02-414-1263,https://delighthotel.modoo.at
762,한국관광협회중앙회,관광호텔업,3성,2023-08-03,인천,호텔 에버리치,70,인천광역시 강화군 강화읍 화성길50번길 43,032-934-1688,https://www.hoteleverrich.com/
763,한국관광협회중앙회,관광호텔업,1성,2023-07-25,인천,아이네이버관광호텔 ,38,인천광역시 중구 월미로243번길 5,032-766-7664,없음
764,한국관광협회중앙회,관광호텔업,1성,2023-07-25,경남,아몬드호텔,44,경상남도 창원시 진해구 진희로23번길 4,055-552-4888,없음
765,한국관광협회중앙회,관광호텔업,2성,2023-07-25,인천,다이아몬드 호텔,50,인천광역시 중구 월미로 229,032-777-9909,없음
766,한국관광협회중앙회,관광호텔업,2성,2023-07-25,인천,두바이 관광호텔,72,인천광역시 중구 월미로233번길 11,032-764-8993,http://dubaihotel.co.kr
767,한국관광협회중앙회,관광호텔업,2성,2023-07-25,인천,관광호텔 준,48,인천광역시 중구 신도시남로150번길 18,032-746-4417,http://www.hoteljune.com
768,한국관광협회중앙회,관광호텔업,2성,2023-07-25,전북,풍남관광호텔,62,전라북도 전주시 완산구 전주객사2길 45-7,063-231-7900,http://www.pungnamhotel.com/
769,한국관광협회중앙회,관광호텔업,2성,2023-07-25,경남,동경호텔,40,경상남도 통영시 광도면 죽림5로 43,055-641-1020,http://www.donggyeonghotel.com
770,한국관광협회중앙회,관광호텔업,3성,2023-07-25,서울,핸드픽트호텔.서울,42,서울특별시 동작구 상도로 120,02-2229-5499,http://www.handpicked.kr
771,한국관광협회중앙회,관광호텔업,3성,2023-07-25,대구,이스턴호텔,70,대구광역시 동구 동부로22길 24,053-759-5355,http://www.easternhotel.co.kr
772,한국관광협회중앙회,관광호텔업,3성,2023-07-25,경기,호텔시에나,100,경기도 파주시 소리천로 31,031-943-7260,http://www.hotelsienna.com/
773,한국관광협회중앙회,소형호텔업,1성,2023-07-25,서울,와이호텔,20,서울특별시 은평구 응암로9길 6-11,02-302-0279,http://naver.com
774,한국관광협회중앙회,관광호텔업,1성,2023-07-21,부산,문베이관광호텔,45,부산광역시 수영구 남천바다로33번길 51,051-752-6564,없음
775,한국관광협회중앙회,관광호텔업,2성,2023-07-21,서울,호텔인피니,40,서울특별시 송파구 백제고분로 268,02-425-1000,http://www.rev@hotelinfini.co.kr
776,한국관광협회중앙회,관광호텔업,2성,2023-07-21,인천,펜타스타 호텔,40,인천광역시 서구 오류로14번길 23,032-566-2100,없음
777,한국관광협회중앙회,관광호텔업,2성,2023-07-21,경기,마요트 관광호텔,82,경기도 의왕시 오봉산단3로 14,031-462-9300,http://mayottehotel.jalib.site/
778,한국관광협회중앙회,관광호텔업,2성,2023-07-21,경기,율암힐호텔,32,경기도 화성시 팔탄면 온천로 434-26,031-352-7275,http://yulam6540@naver.com
779,한국관광협회중앙회,관광호텔업,2성,2023-07-21,전북,전주영화호텔,71,전라북도 전주시 완산구 전주객사2길 28-27,063-230-5000,http://www.yeonghwahotel.com
780,한국관광협회중앙회,관광호텔업,2성,2023-07-21,전남,순천만에스호텔,51,전라남도 순천시 팔마2길 61,061-904-6500,http://www.scshotel.kr/index.php
781,한국관광협회중앙회,관광호텔업,3성,2023-07-21,서울,데이즈호텔명동,64,서울특별시 중구 퇴계로 107,02-727-8700,http://www.dayshotelmd.com
782,한국관광협회중앙회,관광호텔업,4성,2023-07-21,서울,금보개발(주) 오라카이 청계산 호텔,193,서울특별시 서초구 청계산로9길 1-7,02-6200-7300,https://cgs.orakaihotels.com/kr/default.asp
783,한국관광협회중앙회,관광호텔업,3성,2023-07-19,충남,(주)온양관광호텔,175,충청남도 아산시 온천대로 1459,041-540-1000,http://www.onyanghotel.co.kr
784,한국관광협회중앙회,관광호텔업,1성,2023-07-18,인천,엠관광호텔,42,인천광역시 중구 연안부두로43번길 12,032-889-0245,없음
785,한국관광협회중앙회,관광호텔업,2성,2023-07-18,서울,호텔 더 디자이너스,100,서울특별시 용산구 한강대로 305,02-703-6200,http://hotelthedesigners.kr/
786,한국관광협회중앙회,관광호텔업,3성,2023-07-18,서울,크라운파크호텔,204,서울특별시 중구 남대문로7길 19,02-750-5900,http://www.crownparkhotel.co.kr
787,한국관광협회중앙회,가족호텔업,2성,2023-07-18,경남, 프래밀리가족호텔,39,경상남도 거제시 일운면 거제대로 2308,055-682-6006,http://www.friemilyhotel.com/
788,한국관광협회중앙회,관광호텔업,1성,2023-07-17,부산,광장관광호텔,56,부산광역시 동구 중앙대로214번길 7,051-464-3141,http://www.hotelgwangjang.co.kr
789,한국관광협회중앙회,관광호텔업,4성,2023-07-17,경기,라비돌호텔,241,경기도 화성시 정남면 세자로 286,031-352-7150,https://www.laviedor.com/
790,한국관광협회중앙회,관광호텔업,1성,2023-07-14,경기,파로티아 워터하우스 호텔,62,경기도 가평군 설악면 미사리로 707-98,031-584-6811,http://parotia.kr
791,한국관광협회중앙회,관광호텔업,2성,2023-07-14,전남,호텔지뜨,42,전라남도 순천시 팔마2길 11,061-727-5011,https://www.hotelgite.com/ko
792,한국관광협회중앙회,관광호텔업,3성,2023-07-14,서울,나이아가라관광호텔,98,서울특별시 강서구 양천로 743,02-3660-4000,http://www.hotelniagara.co.kr
793,한국관광협회중앙회,가족호텔업,1성,2023-07-14,강원,호텔화양강,43,강원도 홍천군 홍천읍 소옥개로 142,033-435-1000,없음
794,한국관광협회중앙회,관광호텔업,1성,2023-07-11,인천,인천공항호텔,40,인천광역시 중구 신도시남로149번길 11,032-752-2066,http://www.incheonairporthotel.co.kr
795,한국관광협회중앙회,관광호텔업,4성,2023-07-10,서울,켄싱턴호텔 여의도,201,서울특별시 영등포구 국회대로76길 16,02-6670-7000,https://www.kensington.co.kr/hyd
796,한국관광협회중앙회,관광호텔업,4성,2023-07-10,서울,포포인츠바이쉐라톤서울구로,202,서울특별시 구로구 디지털로32길 72,02-6905-9500,https://www.marriott.com/en-us/hotels/selfu-four-points-by-sheraton-seoul-guro/overview
797,한국관광협회중앙회,관광호텔업,4성,2023-07-08,전북,라마다군산호텔,137,전라북도 군산시 대학로 400,063-441-8000,없음
798,한국관광협회중앙회,관광호텔업,2성,2023-07-07,부산,파라곤호텔,132,부산광역시 사상구 광장로 46,051-328-2001,http://www://hotelparagon.com
799,한국관광협회중앙회,관광호텔업,2성,2023-07-07,인천,소래호텔카카오,70,인천광역시 남동구 앵고개로948번길 48,032-424-9993,http://www.hotelcacao.co.kr
800,한국관광협회중앙회,관광호텔업,3성,2023-07-07,부산,티티호텔,103,부산광역시 부산진구 새싹로 35,051-808-5514,http://www.hoteltt.co.kr/
801,한국관광협회중앙회,관광호텔업,3성,2023-07-07,대전,계룡스파텔,143,대전광역시 유성구 온천로 81,042-602-1111,http://welfare.army.mil.kr
802,한국관광협회중앙회,관광호텔업,4성,2023-07-07,부산,신라스테이 서부산,295,부산광역시 강서구 명지국제7로 38,051-661-9000,https://www.shillastay.com/seobusan/index.dolang=ko
803,한국관광협회중앙회,가족호텔업,2성,2023-07-07,강원,주문진리조트,78,강원도 강릉시 주문진읍 해안로 2070,033-661-7400,http://www.sannbada.kr/
804,한국관광협회중앙회,가족호텔업,4성,2023-07-07,서울,호텔스카이파크 킹스타운동대문지점,406,서울특별시 중구 장충단로13길 20,02-6952-8991,http://www.skyparkhotel.com
805,한국관광협회중앙회,관광호텔업,1성,2023-07-06,서울,라비야호텔,30,서울특별시 은평구 진흥로 138,02-355-4521,없음
806,한국관광협회중앙회,관광호텔업,2성,2023-07-06,경기,에스,49,경기도 부천시 원미로17번길 28,032-657-8777,https://shotel7.modoo.at/
807,한국관광협회중앙회,관광호텔업,4성,2023-07-06,서울, AC호텔 바이 메리어트 서울 강남,274,서울특별시 강남구 테헤란로25길 10,02-2050-6000,http://www.marriott.co.kr/hotels/travel/selag-ac-hotel-seoul-gangnam
808,한국관광협회중앙회,소형호텔업,1성,2023-07-06,전북,늘품호텔,20,전라북도 전주시 완산구 기린대로 90,063-284-8688,http://www.neulpum.kr/
809,한국관광협회중앙회,소형호텔업,2성,2023-07-06,부산,그레이193호텔,25,부산광역시 수영구 광안해변로278번길 42,051-710-4441,https://gray193.modoo.at/
810,한국관광협회중앙회,관광호텔업,1성,2023-07-04,서울,렉시호텔,51,서울특별시 서대문구 연세로2가길 14,02-363-4700,없음
811,한국관광협회중앙회,관광호텔업,1성,2023-07-04,서울,신촌라싸 관광호텔,41,서울특별시 서대문구 연세로2가길 3,02-393-1199,http://www.lassahotel.com/
812,한국관광협회중앙회,관광호텔업,2성,2023-07-04,서울,동대문관광호텔,52,서울특별시 종로구 종로 286,02-741-7811,http://www.hoteldongdaemun.com
813,한국관광협회중앙회,관광호텔업,2성,2023-07-04,서울,종로크라운,83,서울특별시 종로구 삼일대로30길 9,02-3676-8000,없음
814,한국관광협회중앙회,관광호텔업,2성,2023-07-04,인천,월미도해월관광호텔,96,인천광역시 중구 월미로260번길 8,032-510-8000,http://www.haewolhotel.com
815,한국관광협회중앙회,관광호텔업,3성,2023-07-04,강원,한탄리버스파호텔,68,강원도 철원군 동송읍 태봉로 1799-22,033-455-1234,없음
816,한국관광협회중앙회,소형호텔업,2성,2023-07-04,전북,호텔로얄,21,전라북도 정읍시 중앙로 170,063-538-0500,http://royalhotel.jalib.site/
817,한국관광협회중앙회,관광호텔업,1성,2023-06-26,강원,산과 바다,42,강원도 양양군 강현면 동해대로 3393,033-673-3313,없음
818,한국관광협회중앙회,관광호텔업,1성,2023-06-22,강원,태백관광호텔(SORANO HOTEL),64,강원도 태백시 기장밭길 7-1,033-553-8080,없음
819,한국관광협회중앙회,관광호텔업,4성,2023-06-22,강원,(주)호텔마레몬스,148,강원도 속초시 동해대로 3705,033-630-7000,http://www.maremonshotel.co.kr
820,한국관광협회중앙회,관광호텔업,2성,2023-06-20,인천,폴로관광호텔,48,인천광역시 남동구 앵고개로934번길 30,032-426-9250,http://jnp6703@naver.com
821,한국관광협회중앙회,관광호텔업,2성,2023-06-20,경기,얼레이,100,경기도 용인시 기흥구 신정로 231,031-693-9181,http://www.alleehotel.com/
822,한국관광협회중앙회,관광호텔업,2성,2023-06-20,경기,호텔 뷰티플,72,경기도 파주시 중앙로 94-9,031-941-3555,없음
823,한국관광협회중앙회,관광호텔업,4성,2023-06-19,인천,이비스스타일앰배서더인천에어포트,360,인천광역시 중구 제2터미널대로 340,032-310-7200,https://www.ambatel.com/ibisstyles/Incheonairport/ko/main.do
824,한국관광협회중앙회,관광호텔업,5성,2023-06-19,강원,홀리데이 인 리조트,214,강원도 평창군 대관령면 솔봉로 325,033-339-0000,https://www.alpensia.com/
825,한국관광협회중앙회,관광호텔업,5성,2023-06-19,강원,인터컨티넨탈 알펜시아 평창리조트,238,강원도 평창군 대관령면 솔봉로 325,033-339-0000,https://www.alpensia.com
826,한국관광협회중앙회,한국전통호텔업,2성,2023-06-19,경북,신라밀레니엄 라궁,16,경상북도 경주시 엑스포로 55-12,054-776-0071,http://www.ragung hotel.com
827,한국관광협회중앙회,관광호텔업,3성,2023-06-16,울산,스타즈호텔울산,345,울산광역시 남구 남중로 65,02-1644-7694,http://stazhotelulsan.com
828,한국관광협회중앙회,관광호텔업,2성,2023-06-14,강원,베니키아호텔산과바다대포항,63,강원도 속초시 동해대로 3691,033-635-6644,없음
829,한국관광협회중앙회,관광호텔업,2성,2023-06-14,경북,(주)용암온천관광호텔,37,경상북도 청도군 화양읍 온천길 23,054-371-5500,없음
830,한국관광협회중앙회,관광호텔업,3성,2023-06-14,대전,호텔아이시시,75,대전광역시 유성구 엑스포로123번길 55,042-866-5000,http://www.hotelicc.com
831,한국관광협회중앙회,관광호텔업,3성,2023-06-14,경기,아셈호텔,73,경기도 김포시 태장로795번길 145,031-997-3230,https://assemhotel.modoo.at/
832,한국관광협회중앙회,관광호텔업,4성,2023-06-14,서울,㈜호텔롯데 L7명동,251,서울특별시 중구 퇴계로 137,02-6310-1000,http://www.lottehotel.com
833,한국관광협회중앙회,관광호텔업,4성,2023-06-14,대구,(주)엘디스 리젠트 호텔,110,대구광역시 중구 달구벌대로 2033,053-253-7711,http://www.eldishotel.com/
834,한국관광협회중앙회,가족호텔업,1성,2023-06-14,강원,동해 산과바다,62,강원도 속초시 동해대로 3707,033-635-9631,없음
835,한국관광협회중앙회,관광호텔업,3성,2023-06-13,서울,호텔스카이파크 센트럴 명동점,312,서울특별시 중구 명동9길 16,02-752-0022,http://www.skyparkhotel.com
836,한국관광협회중앙회,관광호텔업,4성,2023-06-13,인천,하버파크호텔,213,인천광역시 중구 제물량로 217,032-770-9500,http://www.harborparkhotel.com
837,한국관광협회중앙회,관광호텔업,2성,2023-06-12,서울,호텔 유파이브,297,서울특별시 중구 동호로 369,02-759-1600,http://www.hotelu5.co.kr
838,한국관광협회중앙회,관광호텔업,2성,2023-06-12,서울,포레스타호텔,58,서울특별시 은평구 진흥로 179,02-386-6677,https://porestahotel.modoo.at/
839,한국관광협회중앙회,관광호텔업,2성,2023-06-12,서울,HOTEL 2.4,51,서울특별시 송파구 오금로11길 55-16,02-420-2400,http://www.hotel2-4.com/
840,한국관광협회중앙회,관광호텔업,2성,2023-06-12,부산,부산비치관광호텔,35,부산광역시 서구 등대로 113,051-231-0750,http://www.busanbeach.co.kr/
841,한국관광협회중앙회,관광호텔업,2성,2023-06-12,인천,3에스(S) 호텔(소래점),57,인천광역시 남동구 소래역로 26-16,032-435-4977,http://3shotel-sorae.com
842,한국관광협회중앙회,소형호텔업,2성,2023-06-12,경기,리버빌,20,경기도 가평군 설악면 유명로 2324,031-585-5622,http://rivervill.kr/
843,한국관광협회중앙회,소형호텔업,3성,2023-06-12,강원,파랑뷰호텔,25,강원도 고성군 죽왕면 삼포민박촌2길 34,02-2628-7722,http://www.parangvue.com
844,한국관광협회중앙회,관광호텔업,1성,2023-06-09,서울,호텔 컬리넌 왕십리,70,서울특별시 성동구 무학로2길 47,02-2298-0070,http://hotelcullinan.co.kr/hotel_wangsimni.html
845,한국관광협회중앙회,관광호텔업,2성,2023-06-09,서울,호텔베뉴지,162,서울특별시 종로구 청계천로 117,02-2223-6520,http://www.hotelvenueg.co.kr
846,한국관광협회중앙회,관광호텔업,2성,2023-06-08,서울,포레스타,53,서울특별시 송파구 백제고분로7길 23-5,02-412-9990,https://hotelforestar02.modoo.at/
847,한국관광협회중앙회,관광호텔업,3성,2023-06-08,서울,(주)파로스관광호텔,52,서울특별시 송파구 올림픽로10길 5,02-417-2700,https://www.hotelpharos.net/
848,한국관광협회중앙회,관광호텔업,3성,2023-06-08,서울,목시 서울 명동,205,서울특별시 중구 명동8나길 38,02-2184-7000,http://lm.moxy.info@marriott.com
849,한국관광협회중앙회,관광호텔업,2성,2023-06-07,서울,호텔 디 아티스트 연신내점,48,서울특별시 은평구 통일로 891,02-353-8911,http://theartist-ysn.jalip.site
850,한국관광협회중앙회,관광호텔업,2성,2023-06-07,인천,호텔 그랜드스위트,66,인천광역시 중구 월미로248번길 2,032-777-5633,http://www.hotelgrandsuite.com
851,한국관광협회중앙회,관광호텔업,3성,2023-06-07,서울,로이넷 호텔 서울 마포,341,서울특별시 마포구 마포대로 67,02-3702-0300,https://www.daiwaroynet.jp/seoulmapo/
852,한국관광협회중앙회,관광호텔업,4성,2023-06-07,서울,머큐어 앰배서더 서울 홍대,270,서울특별시 마포구 양화로 144,02-3774-1101,https://www.ambatel.com/mercure/hongdae/ko/main.do
853,한국관광협회중앙회,관광호텔업,4성,2023-06-07,경기,포포인츠 바이 쉐라톤 수원,221,경기도 수원시 팔달구 효원로307번길 27,031-784-9300,https://www.marriott.com/ko/hotels/selfo-four-points-suwon/overview/
854,한국관광협회중앙회,관광호텔업,1성,2023-06-05,서울,에이치에비뉴 성신여대점 호텔,53,서울특별시 성북구 동소문로 130,02-929-9630,http://www.haveune.gamsunglab.com
855,한국관광협회중앙회,관광호텔업,2성,2023-06-05,경기,스타비아 관광호텔,69,경기도 김포시 태장로795번길 147,031-5186-0500,없음
856,한국관광협회중앙회,관광호텔업,3성,2023-06-05,경기,라마다앙코르 김포 한강 호텔,594,경기도 김포시 고촌읍 아라육로152번길 169,02-582-0700,http://www.ramadagimpohanriver.com
857,한국관광협회중앙회,관광호텔업,4성,2023-06-05,대구,호텔 라온제나,93,대구광역시 수성구 범어천로 73,053-718-7000,http://www.hotellaonzena.com/
858,한국관광협회중앙회,관광호텔업,4성,2023-06-05,대구,호텔수성,180,대구광역시 수성구 용학로 106-7,053-770-5413,http://www.hotelsusung.co.kr/
859,한국관광협회중앙회,관광호텔업,2성,2023-06-02,서울,호텔스카이파크명동Ⅱ,132,서울특별시 중구 명동9길 22,02-6900-9387,http://www.skyparkhotel.com
860,한국관광협회중앙회,관광호텔업,2성,2023-06-02,인천,브라운도트호텔 인천송도,78,인천광역시 연수구 능허대로 227-7,032-833-6512,없음
861,한국관광협회중앙회,관광호텔업,3성,2023-06-02,서울,제이케이블라썸호텔,252,서울특별시 강서구 양천로65길 41-22,02-2138-0051,http://www.jkblossom.co.kr
862,한국관광협회중앙회,관광호텔업,4성,2023-06-02,서울,소테츠호텔즈 더스프라지르 서울 명동,428,서울특별시 중구 남대문로5길 15,02-772-0900,https://sotetsu-hotels.com/ko/splaisir/
863,한국관광협회중앙회,관광호텔업,4성,2023-06-02,서울,㈜호텔롯데 롯데시티호텔 명동,435,서울특별시 중구 삼일대로 362,02-6112-1000,http://www.lottehotel.com
